fg,3p,ft,reb,ast,stl,blk,tov,target_5yrs,total_points,efficiency
34.7,25.0,69.9,4.1,1.9,0.4,0.4,1.3,0,4.864864864864865,0.17754981258630895
29.6,23.5,76.5,2.4,3.7,1.1,0.5,1.6,0,4.861111111111111,0.18071045022717885
42.2,24.4,67.0,2.2,1.0,0.5,0.3,1.0,0,14.23076923076923,0.9301156359979889
42.6,22.6,68.9,1.9,0.8,0.6,0.1,1.0,1,10.175438596491228,0.8771929824561403
52.4,0.0,67.4,2.5,0.3,0.3,0.4,0.8,1,10.666666666666666,0.9275362318840579
42.3,32.5,73.2,0.8,1.8,0.4,0.0,0.7,0,20.27027027027027,1.7780938833570412
43.5,50.0,81.1,2.0,0.6,0.2,0.1,0.7,1,9.393939393939394,0.8618293021962747
41.5,30.0,87.5,1.7,0.2,0.2,0.1,0.7,1,8.421052631578947,0.8175779253960143
39.2,23.3,71.4,0.8,2.3,0.3,0.0,1.1,0,27.083333333333336,2.7356902356902357
38.3,21.4,67.8,1.1,0.3,0.2,0.0,0.7,0,11.35135135135135,1.3354531001589824
36.5,33.3,81.8,0.9,0.7,0.1,0.1,0.3,0,15.217391304347828,2.2054190296156273
39.8,13.6,77.6,1.2,0.4,0.3,0.1,0.6,1,11.11111111111111,1.658374792703151
47.2,0.0,28.6,2.0,0.2,0.2,0.6,0.3,1,20.76923076923077,3.146853146853147
32.3,30.1,86.1,2.0,0.5,0.5,0.3,0.5,0,8.035714285714286,0.5252100840336135
53.7,0.0,50.0,1.4,0.2,0.2,0.4,0.6,1,18.333333333333336,2.8645833333333335
51.4,14.3,68.4,0.4,1.4,0.3,0.0,0.8,1,15.384615384615383,2.5220680958385877
37.6,0.0,64.2,1.2,0.2,0.3,0.2,0.5,0,23.333333333333332,4.40251572327044
34.8,21.4,73.1,0.3,1.0,0.3,0.0,0.4,0,24.11764705882353,5.742296918767507
49.0,22.7,82.9,11.0,3.6,1.0,0.6,1.9,0,4.270833333333334,0.1148073476702509
49.0,22.7,82.9,11.0,3.6,1.0,0.6,1.9,1,4.270833333333334,0.1148073476702509
52.5,11.1,65.4,8.0,2.4,1.1,0.8,2.2,1,5.594405594405594,0.17816578326132465
48.9,16.7,66.6,5.1,2.5,1.5,0.3,2.2,1,6.165413533834586,0.20214470602736348
37.5,13.3,73.0,2.9,2.2,2.0,0.2,2.0,1,7.169811320754717,0.23662743632853853
45.4,32.0,74.8,3.1,4.6,1.0,0.3,2.5,0,5.083333333333333,0.17173423423423423
53.3,0.0,62.5,5.2,0.4,0.5,0.5,1.0,0,5.079365079365079,0.3341687552213868
51.4,0.0,80.7,5.9,1.6,0.7,0.6,1.5,1,7.3076923076923075,0.24940929377789445
45.1,43.4,83.6,1.9,3.7,0.6,0.0,1.8,0,5.591397849462365,0.2272925955066002
41.5,0.0,73.6,5.1,1.7,0.8,0.5,1.3,1,8.636363636363635,0.38383838383838376
44.7,39.0,74.1,3.0,2.2,1.2,0.3,1.2,0,7.722772277227723,0.35103510351035105
49.7,0.0,66.7,5.4,0.8,0.5,0.5,1.5,1,6.071428571428571,0.29330572808833677
55.2,0.0,57.2,6.4,0.5,0.4,1.2,0.8,1,10.32258064516129,0.5085015096138567
52.9,0.0,51.5,6.1,0.7,0.4,1.5,1.4,1,5.288461538461538,0.26051534672224325
41.9,4.3,80.6,2.0,3.9,1.0,0.3,1.7,1,11.08108108108108,0.5653612796469939
52.8,0.0,66.9,5.7,0.7,0.8,1.1,1.8,1,5.274725274725275,0.2790859933717077
30.2,18.5,91.2,1.4,3.1,0.6,0.2,1.0,0,7.906976744186047,0.5900728913571677
40.0,35.7,83.3,2.0,1.1,0.8,0.1,1.1,1,4.9411764705882355,0.2656546489563567
37.0,14.5,74.1,1.7,3.8,0.7,0.1,1.2,1,14.909090909090908,0.8102766798418972
39.0,23.1,74.5,2.0,3.2,1.1,0.1,1.5,1,9.142857142857142,0.5378151260504201
52.9,0.0,69.1,4.2,0.4,0.6,0.8,1.1,1,10.81081081081081,0.6396929473852551
46.7,21.4,81.0,3.8,0.4,0.3,0.6,0.9,1,13.75,0.9105960264900662
41.7,37.5,76.1,1.5,1.5,0.7,0.2,0.8,0,13.414634146341465,0.9003110165329842
40.7,9.5,80.4,1.7,2.1,0.9,0.0,1.3,0,9.411764705882353,0.6359300476947536
39.9,27.0,87.5,1.5,2.8,0.9,0.0,1.4,0,10.2,0.7034482758620689
40.2,36.7,76.9,2.1,0.8,0.3,0.2,0.7,0,13.076923076923077,0.9906759906759907
42.3,0.0,80.3,1.3,1.9,0.6,0.1,1.3,1,15.65217391304348,1.262272089761571
45.2,100.0,82.1,2.7,0.6,0.5,0.3,0.6,1,19.166666666666668,1.6242937853107344
56.8,0.0,66.1,3.4,0.3,0.6,0.7,0.8,1,9.473684210526315,0.8383791336748951
30.3,36.6,66.7,0.7,1.5,0.7,0.1,1.3,0,5.853658536585367,0.5522319374137139
41.5,19.2,75.4,1.1,1.8,0.6,0.1,1.0,1,12.195121951219512,1.2703252032520327
45.6,0.0,65.5,1.2,1.1,0.6,0.2,0.8,1,16.47058823529412,1.7156862745098043
38.8,29.2,75.6,0.7,1.4,0.4,0.1,1.0,0,18.10810810810811,2.012012012012012
38.0,14.3,65.9,0.8,1.6,0.7,0.1,1.0,1,20.0,2.298850574712644
47.5,0.0,75.0,1.5,0.3,0.2,0.2,0.6,1,16.666666666666664,1.96078431372549
36.8,22.2,82.6,0.9,0.7,0.3,0.1,0.6,0,11.176470588235295,1.3629842180774752
43.9,0.0,52.5,1.9,0.3,0.1,0.1,0.8,0,15.000000000000002,1.8292682926829271
45.6,18.8,74.4,1.3,0.6,0.2,0.1,0.5,0,16.875,2.057926829268293
39.2,20.0,53.6,1.2,0.6,0.4,0.2,0.8,0,8.75,1.1986301369863015
44.3,18.2,81.0,1.1,0.3,0.2,0.1,0.5,0,13.214285714285715,1.8101761252446187
43.1,27.0,52.6,0.8,0.5,0.2,0.0,0.3,0,17.692307692307693,2.640642939150402
38.4,43.3,83.3,0.8,0.3,0.1,0.0,0.3,0,23.18181818181818,3.6221590909090904
38.0,0.0,75.6,1.2,0.3,0.1,0.1,0.5,0,18.18181818181818,3.4305317324185247
37.8,0.0,37.5,1.0,0.4,0.3,0.2,0.3,0,11.875,2.4739583333333335
35.3,11.8,66.7,0.6,0.6,0.1,0.0,0.5,0,27.69230769230769,6.440071556350626
42.2,27.3,73.6,8.8,4.0,1.4,1.1,2.9,1,4.388888888888889,0.11641615089890953
30.4,20.4,74.5,1.2,0.5,0.7,0.1,0.7,0,16.176470588235293,1.2348450830713964
46.7,34.2,73.1,10.3,2.2,1.0,1.3,2.9,1,4.021739130434783,0.11425395256916997
40.6,36.5,77.0,2.8,4.0,1.3,0.2,2.5,0,4.475524475524475,0.13359774553804402
42.5,37.4,75.0,2.9,1.6,0.8,0.3,1.6,1,5.222929936305733,0.18326069951949941
45.0,7.7,71.1,3.0,6.4,2.0,0.2,2.2,1,11.38888888888889,0.4156528791565288
51.2,0.0,72.2,7.9,0.3,0.6,1.5,0.9,1,11.408450704225352,0.44048072217086304
44.1,13.3,78.2,3.4,1.4,0.9,0.3,1.9,1,6.333333333333333,0.24934383202099739
46.4,20.6,87.3,2.2,4.2,1.0,0.2,1.7,0,9.42528735632184,0.39769144963383296
46.4,20.6,87.3,2.2,4.2,1.0,0.2,1.7,1,9.42528735632184,0.39769144963383296
32.7,21.4,64.9,0.8,1.7,0.5,0.1,0.6,0,25.789473684210527,2.8032036613272315
32.7,21.4,64.9,0.8,1.7,0.5,0.1,0.6,1,25.789473684210527,2.8032036613272315
45.0,14.3,83.5,3.2,3.7,1.3,0.5,2.0,1,7.454545454545454,0.3145377828922133
50.8,0.0,63.6,5.1,0.9,0.6,1.9,1.3,1,11.014492753623188,0.487366936001026
41.3,24.0,85.7,1.8,3.1,0.8,0.1,1.6,1,4.75177304964539,0.2111899133175729
43.9,9.7,70.7,2.1,2.5,0.4,0.2,1.6,0,7.954545454545454,0.38614298323036184
42.8,29.9,81.6,3.5,1.8,0.5,0.3,1.5,1,9.418604651162791,0.4594441293250142
49.7,40.0,84.3,3.3,1.4,0.6,0.3,0.9,1,4.583333333333333,0.23504273504273504
41.7,0.0,55.0,5.6,0.4,0.6,1.2,0.9,0,10.943396226415095,0.5670153485189168
41.9,25.0,79.6,1.7,1.3,0.3,0.1,1.0,0,9.722222222222221,0.5752794214332676
41.2,17.6,74.7,1.9,2.8,0.8,0.1,1.2,1,16.73469387755102,1.0142238713667284
38.0,29.2,77.3,1.9,1.2,0.5,0.1,1.2,0,8.98550724637681,0.554660941134371
42.5,0.0,67.2,4.3,0.4,0.2,0.3,1.4,0,12.580645161290322,0.7814065317571628
48.7,0.0,66.2,4.8,0.5,0.3,0.3,0.7,1,13.272727272727273,0.8243929983060417
49.2,0.0,63.2,5.2,0.3,0.5,0.4,1.0,1,13.962264150943398,0.8672213758349936
42.1,29.8,63.0,2.9,0.8,0.6,0.3,0.9,0,11.343283582089551,0.736576855979841
46.5,0.0,71.2,4.2,0.6,0.6,0.5,0.8,1,9.649122807017543,0.6475921346991639
44.6,18.2,58.8,1.5,2.8,0.7,0.2,1.6,0,8.392857142857144,0.586913086913087
44.1,40.0,72.2,2.1,0.9,0.4,0.1,1.0,1,4.567901234567901,0.3358750907770516
46.5,0.0,64.4,2.7,0.6,0.2,0.2,1.0,0,14.418604651162791,1.0841056128693827
38.4,16.1,80.5,1.0,1.3,0.5,0.1,0.9,0,15.897435897435898,1.2717948717948717
43.8,11.8,68.4,2.0,0.8,0.6,0.2,0.8,0,7.391304347826087,0.6211180124223602
41.3,0.0,55.6,1.4,1.0,0.4,0.0,0.8,1,9.230769230769232,0.7822685788787485
41.6,25.0,65.2,1.9,0.7,0.5,0.2,0.3,1,23.870967741935484,2.057842046718576
48.7,16.7,66.3,2.4,0.6,0.3,0.1,1.1,1,7.682926829268293,0.6623212783851977
34.8,27.3,64.3,2.2,0.8,0.5,0.2,0.3,0,14.999999999999998,1.3888888888888886
46.0,0.0,68.9,2.8,0.7,0.2,0.4,0.8,1,12.272727272727272,1.0957792207792207
40.8,27.8,73.2,1.1,1.2,0.5,0.1,0.7,0,19.210526315789476,1.7464114832535886
40.4,0.0,66.7,3.0,0.2,0.3,0.3,0.7,0,4.166666666666667,0.382262996941896
44.1,0.0,70.2,1.1,2.1,0.4,0.2,1.1,1,17.297297297297295,1.5869080089263572
41.5,0.0,80.0,0.8,1.9,0.5,0.1,0.8,0,16.47058823529412,1.553829078801332
39.1,0.0,69.6,1.2,1.0,0.3,0.1,0.8,0,20.0,1.8867924528301887
41.8,33.3,90.5,0.8,1.9,0.5,0.0,0.6,1,21.93548387096774,2.1718300862344297
40.3,37.5,75.8,1.4,0.7,0.3,0.0,0.5,0,16.20689655172414,1.620689655172414
44.7,50.0,66.1,2.1,0.3,0.2,0.1,0.8,1,14.857142857142858,1.5160349854227404
40.0,40.0,77.8,1.0,0.4,0.3,0.2,0.5,0,17.297297297297295,1.82076813655761
36.7,0.0,44.4,1.9,0.5,0.1,0.1,0.7,0,11.724137931034484,1.0855683269476373
43.9,0.0,55.0,2.9,0.4,0.1,0.7,0.8,1,11.052631578947368,1.1634349030470914
45.8,15.8,84.8,1.3,0.7,0.2,0.0,1.0,1,11.11111111111111,1.194743130227001
45.5,0.0,65.3,1.8,0.2,0.2,0.7,0.3,1,18.571428571428573,2.544031311154599
52.0,0.0,68.0,1.7,0.4,0.1,0.4,0.6,0,25.862068965517242,3.6945812807881775
42.0,24.0,48.0,1.7,0.5,0.4,0.3,0.3,1,17.727272727272727,2.606951871657754
51.0,50.0,71.4,1.9,0.3,0.2,0.3,0.5,1,20.4,3.090909090909091
37.3,0.0,54.5,1.5,0.1,0.1,0.1,0.1,0,40.0,6.451612903225806
51.3,0.0,90.5,1.2,0.2,0.1,0.1,0.1,1,26.0,4.482758620689656
53.1,0.0,73.2,12.0,2.0,1.7,3.9,3.1,1,3.3744855967078187,0.09219906001933931
35.3,25.8,55.2,1.4,0.4,0.3,0.1,0.2,0,9.117647058823529,0.8521165475536009
47.1,27.4,76.4,3.9,8.7,2.1,0.1,3.3,0,5.374149659863946,0.15947031631643754
47.1,27.4,76.4,3.9,8.7,2.1,0.1,3.3,1,5.374149659863946,0.15947031631643754
44.0,0.0,66.4,8.4,1.2,1.1,0.7,2.1,1,7.387387387387387,0.21986271986271985
46.1,27.7,58.9,2.6,6.8,1.6,0.3,1.7,1,7.192982456140351,0.228348649401281
49.4,16.1,68.7,2.5,7.6,1.8,0.1,3.0,1,5.664335664335664,0.18571592342084145
44.6,0.0,76.8,5.8,1.1,0.8,0.7,1.2,1,6.299212598425197,0.2085831986233509
43.9,24.6,73.4,4.6,1.8,0.9,0.3,1.5,1,5.661764705882353,0.18872549019607845
43.9,24.6,73.4,4.6,1.8,0.9,0.3,1.5,0,5.661764705882353,0.18872549019607845
37.1,22.5,77.8,2.8,4.2,1.6,0.3,2.2,1,4.9504950495049505,0.19567174108715218
48.1,11.1,86.6,3.7,1.9,0.6,0.2,1.4,1,8.1,0.32270916334661354
50.7,30.0,71.9,3.1,1.8,0.9,0.4,1.9,1,9.213483146067416,0.40058622374206154
44.9,13.3,57.4,2.9,0.3,0.2,0.4,0.4,0,13.513513513513512,1.2748597654258031
49.4,5.9,70.5,3.9,1.5,0.8,0.4,1.7,1,7.043478260869565,0.3201581027667984
50.4,0.0,72.7,4.7,1.1,0.5,0.7,1.4,1,9.213483146067416,0.42458447677730027
40.5,39.9,80.9,1.6,2.5,0.7,0.0,1.5,1,8.350515463917526,0.4154485305431605
41.1,13.3,70.5,2.3,0.6,0.6,0.2,0.7,0,10.952380952380953,0.5587949465500486
39.7,27.3,55.0,3.8,0.9,0.7,0.7,1.6,1,9.010989010989011,0.47177952937115236
47.9,0.0,66.7,3.4,1.0,0.4,0.2,1.1,0,9.01639344262295,0.5009107468123861
47.0,0.0,76.2,3.1,0.7,0.4,0.3,0.9,1,10.273972602739727,0.5739649498737278
49.7,0.0,72.2,5.0,0.6,0.3,0.2,0.7,0,8.275862068965518,0.48681541582150106
48.6,0.0,74.7,1.9,1.5,0.7,0.2,1.2,1,9.875,0.5877976190476191
39.5,38.5,69.2,3.4,0.2,0.2,0.4,0.4,0,7.575757575757576,0.7284382284382285
48.5,50.0,88.5,1.3,2.5,0.6,0.1,1.0,1,14.464285714285715,0.9097035040431267
46.6,0.0,62.1,3.6,0.4,0.4,0.4,1.1,1,13.404255319148936,0.9574468085106382
47.9,16.7,73.6,4.3,0.3,0.6,0.9,1.3,1,12.461538461538462,0.903010033444816
43.7,0.0,64.3,2.8,0.8,0.2,0.2,0.8,1,11.50943396226415,0.8719268153230417
40.6,14.3,68.0,1.2,1.9,0.3,0.1,0.8,0,9.347826086956523,0.7190635451505017
36.9,7.1,56.2,3.1,0.4,0.4,0.1,0.8,1,12.790697674418606,0.9915269515053182
54.7,25.0,67.1,2.1,0.6,0.6,0.2,0.5,0,14.390243902439027,1.1605035405192763
45.9,0.0,77.7,2.1,0.7,0.5,0.1,1.2,1,11.1864406779661,0.989950502474876
40.5,26.4,70.3,6.2,6.3,1.9,0.6,3.5,0,4.1916167664670665,0.12149613815846569
42.9,28.6,66.0,0.7,2.3,0.3,0.0,1.1,0,22.0,2.0
29.8,23.3,69.4,0.9,1.8,0.5,0.1,1.4,0,9.487179487179487,0.8703834391907787
38.4,18.8,66.1,0.9,2.5,0.5,0.0,1.1,1,21.612903225806452,2.1398914084956884
43.0,0.0,50.0,2.9,0.5,0.2,0.3,0.4,0,22.105263157894736,2.2556390977443606
47.3,35.7,67.0,1.5,0.9,0.6,0.0,0.8,0,9.615384615384615,0.9811616954474096
47.6,7.1,82.8,1.5,1.2,0.1,0.0,0.8,0,13.0,1.368421052631579
47.6,7.1,82.8,1.5,1.2,0.1,0.0,0.8,1,13.0,1.368421052631579
54.2,0.0,48.5,5.9,0.8,0.7,0.6,1.3,0,11.884057971014492,0.5605687722176648
54.2,0.0,48.5,5.9,0.8,0.7,0.6,1.3,1,11.884057971014492,0.5605687722176648
31.3,32.5,78.9,1.0,1.0,0.4,0.1,0.8,1,16.296296296296294,1.73364854215918
47.5,0.0,61.5,1.4,0.6,0.5,0.2,0.7,0,8.372093023255815,0.9513742071881607
44.4,0.0,69.7,1.2,1.7,0.6,0.1,0.6,1,20.689655172413794,2.3781212841854935
44.4,0.0,69.7,1.2,1.7,0.6,0.1,0.6,1,20.689655172413794,2.3781212841854935
44.4,0.0,69.7,1.2,1.7,0.6,0.1,0.6,0,20.689655172413794,2.3781212841854935
49.5,0.0,72.5,6.5,1.5,1.0,1.3,2.1,1,4.355828220858895,0.14328382305456894
49.5,0.0,72.5,6.5,1.5,1.0,1.3,2.1,1,4.355828220858895,0.14328382305456894
49.5,0.0,72.5,6.5,1.5,1.0,1.3,2.1,0,4.355828220858895,0.14328382305456894
39.2,31.9,54.5,0.8,0.6,0.3,0.2,0.8,1,9.714285714285714,1.1295681063122922
39.2,31.9,54.5,0.8,0.6,0.3,0.2,0.8,1,9.714285714285714,1.1295681063122922
39.2,31.9,54.5,0.8,0.6,0.3,0.2,0.8,0,9.714285714285714,1.1295681063122922
49.4,0.0,60.9,2.4,0.4,0.2,0.1,0.9,0,10.0,1.2048192771084336
38.0,33.0,90.3,3.0,5.7,0.6,0.1,1.9,0,5.46875,0.16931114551083593
36.8,25.0,61.5,1.2,0.4,0.3,0.1,0.4,0,28.5,3.7012987012987013
39.3,27.3,81.3,1.3,0.3,0.2,0.1,0.6,1,20.0,2.73972602739726
55.3,0.0,46.4,2.1,0.1,0.2,0.3,0.6,1,26.842105263157897,4.129554655870446
43.5,40.0,88.9,0.7,0.3,0.2,0.2,0.6,0,10.606060606060607,1.7106549364613883
23.8,16.7,76.5,0.6,1.3,0.3,0.0,0.5,0,43.63636363636363,7.655502392344497
33.3,0.0,50.0,1.1,0.1,0.1,0.3,0.1,0,30.000000000000004,6.122448979591837
33.8,28.6,80.0,0.6,0.3,0.1,0.0,0.6,0,18.0,4.186046511627907
37.5,25.0,69.2,1.1,0.0,0.1,0.4,0.3,0,9.545454545454545,2.328159645232816
46.8,36.7,81.0,5.9,4.2,1.0,0.2,3.4,1,3.590909090909091,0.10438689217758985
49.8,19.0,77.5,5.1,4.6,1.9,0.8,3.2,1,4.354838709677419,0.12884138194311892
41.9,32.7,78.0,4.1,4.1,1.6,0.5,3.2,0,5.797101449275362,0.18640197586094412
45.5,42.8,83.1,2.8,3.0,1.5,0.5,2.0,1,5.231788079470199,0.16048429691626379
42.5,27.0,74.6,3.3,4.4,1.8,0.3,3.1,1,5.72463768115942,0.19274874347338114
48.6,0.0,74.9,6.7,1.8,1.5,0.6,2.5,1,6.890756302521008,0.23201199671787906
41.4,31.4,79.5,2.5,2.3,0.9,0.3,1.5,1,4.437869822485207,0.14992803454341916
43.3,0.0,82.6,4.6,5.8,0.9,0.3,2.3,1,9.534883720930234,0.33931970537118267
45.7,36.6,71.7,5.2,1.6,1.3,0.8,2.5,1,5.390070921985815,0.19529242470963099
43.5,22.7,73.5,3.4,7.1,2.0,0.1,3.6,1,5.966386554621849,0.22016186548420105
43.2,24.8,74.5,2.6,3.8,1.1,0.1,2.3,1,6.752136752136752,0.25870255755313226
37.6,32.0,80.4,2.9,1.0,0.6,0.2,1.2,0,9.318181818181817,0.34899557371467477
41.9,32.9,61.4,3.9,2.4,1.2,0.3,0.9,1,6.279069767441861,0.25016214212915777
42.0,25.0,67.3,5.2,2.1,0.7,0.5,1.9,0,6.875,0.3096846846846847
45.0,40.6,78.9,3.1,1.3,0.6,0.3,1.3,0,5.818181818181818,0.2644628099173554
49.0,0.0,80.3,2.2,3.4,1.1,0.1,1.6,0,11.09375,0.5257701421800948
41.7,14.3,69.5,2.5,4.3,1.2,0.1,2.3,0,6.315789473684211,0.311122634171636
50.1,0.0,57.1,4.5,1.0,1.0,0.3,1.2,0,8.783783783783784,0.47479912344777214
47.5,30.0,85.0,2.1,2.6,0.8,0.2,1.0,1,11.267605633802818,0.577825929938606
46.7,20.0,69.2,1.5,3.7,0.8,0.1,1.7,0,4.705882352941177,0.243828101188662
43.7,20.8,78.3,3.2,1.0,0.6,0.1,1.7,0,8.709677419354838,0.4584040747028862
43.4,22.5,78.6,2.3,1.5,0.5,0.1,1.6,1,6.956521739130435,0.3822264691829909
46.4,0.0,59.6,2.3,1.1,0.5,0.4,0.4,1,12.678571428571429,0.7546768707482993
46.7,32.2,74.5,2.0,3.9,1.2,0.0,1.8,1,9.101123595505618,0.5417335473515248
42.0,35.9,88.4,1.1,3.7,0.8,0.0,0.8,1,15.769230769230768,0.9442653155228006
44.3,0.0,57.8,2.1,0.9,0.7,0.1,1.4,0,4.705882352941177,0.3201280512204882
48.8,0.0,68.9,3.6,0.3,0.2,0.2,0.7,0,11.818181818181818,0.8150470219435737
48.6,0.0,58.0,3.2,0.6,0.4,0.1,0.7,1,11.2,0.7832167832167831
43.1,0.0,69.2,1.9,0.2,0.1,0.1,0.3,1,22.5,3.2142857142857144
44.5,0.0,72.5,2.2,0.8,0.4,0.3,0.9,0,10.625,0.792910447761194
54.5,0.0,69.9,2.7,0.2,0.1,0.3,0.9,1,17.441860465116278,1.6771019677996422
42.6,0.0,38.4,3.7,1.1,0.4,0.1,0.9,1,11.25,1.1029411764705883
53.7,25.0,61.5,2.1,0.3,0.3,0.5,0.6,1,15.121951219512196,1.527469820152747
30.1,7.1,78.1,1.1,2.6,0.3,0.1,1.1,1,48.23529411764706,5.077399380804954
36.6,29.4,60.9,0.5,2.2,0.5,0.1,1.0,0,24.09090909090909,2.5628626692456478
40.2,16.7,83.3,0.9,2.3,0.5,0.2,1.3,0,16.20689655172414,1.7241379310344829
40.8,38.5,65.4,1.1,0.8,0.6,0.1,1.1,1,8.78048780487805,0.9977827050997783
51.3,0.0,65.0,2.4,0.1,0.3,0.8,0.5,1,23.846153846153847,2.805429864253394
49.0,0.0,67.4,1.3,0.5,0.5,0.2,0.5,0,10.571428571428571,1.2736660929432013
49.4,0.0,50.0,2.6,0.4,0.3,0.3,0.5,1,19.35483870967742,2.3894862604540026
40.4,25.0,81.3,0.9,1.5,0.5,0.1,0.7,1,23.18181818181818,2.8977272727272725
43.0,10.0,69.0,1.3,0.5,0.3,0.1,0.5,1,10.5,1.3291139240506329
48.0,10.0,82.4,1.1,0.4,0.4,0.1,0.4,1,8.68421052631579,1.1133603238866396
48.0,10.0,82.4,1.1,0.4,0.4,0.1,0.4,0,8.68421052631579,1.1133603238866396
36.9,30.8,63.8,2.2,0.8,0.7,0.4,1.2,1,17.272727272727273,1.7272727272727273
36.9,30.8,63.8,2.2,0.8,0.7,0.4,1.2,0,17.272727272727273,1.7272727272727273
41.8,24.4,60.0,1.8,0.8,1.0,0.4,1.1,0,4.528301886792453,0.2602472348731295
46.0,40.1,71.2,3.2,0.9,0.7,0.2,0.8,0,12.833333333333334,0.5678466076696165
41.5,0.0,73.8,1.3,0.6,0.3,0.0,0.5,0,28.8,3.945205479452055
36.4,22.2,66.0,0.6,1.4,0.3,0.1,0.9,1,18.846153846153847,2.5816649104320337
50.4,40.0,70.6,1.1,0.4,0.3,0.1,0.7,0,13.93939393939394,2.049910873440285
34.9,11.1,56.3,0.6,1.7,0.5,0.1,0.4,1,26.875,3.952205882352941
31.9,20.0,77.3,0.7,1.1,0.3,0.1,0.8,0,18.42105263157895,3.0701754385964914
47.4,0.0,78.3,1.4,0.2,0.2,0.0,0.5,1,23.18181818181818,4.066985645933014
42.2,0.0,68.2,1.0,0.2,0.2,0.1,0.3,1,17.083333333333336,3.0505952380952386
43.2,25.4,77.4,4.8,10.6,2.5,0.1,3.1,1,6.029411764705882,0.15225787284610814
47.7,30.8,81.9,2.3,7.1,1.5,0.1,3.0,1,4.420289855072464,0.12416544536720403
43.7,29.0,65.6,2.6,3.2,0.6,0.3,1.0,0,8.055555555555555,0.35644051130776794
47.5,0.0,67.9,7.9,1.3,1.1,0.5,2.2,1,3.7162162162162162,0.11295490018894275
43.9,33.3,87.9,3.4,6.4,1.7,0.1,2.5,1,5.403225806451613,0.170448763610461
40.7,20.0,83.3,4.5,2.3,0.9,0.4,1.8,1,5.526315789473684,0.20392309186249755
35.6,22.4,72.7,3.4,1.7,0.8,0.6,1.8,1,3.3653846153846154,0.13736263736263737
35.6,22.4,72.7,3.4,1.7,0.8,0.6,1.8,1,3.3653846153846154,0.13736263736263737
50.1,20.0,60.4,6.3,1.0,0.7,1.5,1.7,1,7.008547008547009,0.28960938051847146
46.1,20.8,83.9,2.4,5.5,1.3,0.3,1.8,1,8.695652173913045,0.3623188405797102
50.1,0.0,62.6,5.5,1.1,0.6,0.7,1.1,1,10.519480519480519,0.4654637398000229
48.8,35.5,80.1,2.3,1.6,0.7,0.2,1.2,1,8.2,0.36607142857142855
40.4,26.7,74.0,2.3,1.9,0.9,0.4,1.9,1,6.354166666666667,0.28366815476190477
48.2,0.0,51.2,4.0,1.2,0.7,0.5,1.6,1,7.674418604651163,0.35365984353231167
42.3,33.8,81.5,3.7,1.6,0.5,0.8,0.8,0,7.375,0.3322072072072072
46.3,17.4,57.6,3.8,2.1,1.1,0.7,1.7,1,10.0,0.47846889952153115
49.1,36.7,77.2,4.0,1.3,0.8,0.8,1.3,1,9.647058823529411,0.4638009049773755
39.0,18.8,78.4,1.7,5.1,1.6,0.0,1.3,1,15.8,0.7669902912621359
42.8,0.0,72.5,4.2,1.4,0.7,0.3,1.4,1,9.62962962962963,0.46973803071364045
39.1,38.5,72.5,1.1,2.9,1.0,0.1,1.0,0,4.615384615384615,0.2637362637362637
45.9,0.0,87.1,4.5,0.8,0.3,0.1,0.9,1,6.842105263157895,0.41467304625199364
43.0,0.0,70.7,2.9,0.9,0.5,0.9,1.6,0,13.392857142857144,0.8928571428571429
53.2,0.0,64.0,3.4,0.5,0.4,0.3,0.7,1,21.944444444444443,1.5030441400304413
37.4,24.0,71.9,1.0,3.1,0.3,0.1,1.0,0,21.48148148148148,1.6398077466779757
44.6,0.0,72.2,0.6,1.2,0.4,0.0,1.0,0,9.245283018867925,0.7769145394006659
49.6,23.1,80.6,2.0,0.7,0.3,0.6,0.8,1,16.666666666666664,1.618122977346278
42.2,20.0,89.7,0.7,1.5,0.1,0.1,0.6,0,10.526315789473685,1.10803324099723
47.4,0.0,56.3,2.6,0.4,0.2,0.3,0.6,1,17.741935483870968,1.9077349982656953
47.0,0.0,73.5,0.7,1.7,0.6,0.0,0.9,0,23.6,2.71264367816092
40.4,0.0,81.0,0.6,2.0,0.4,0.0,0.9,0,18.333333333333336,2.208835341365462
46.6,0.0,70.2,1.3,0.5,0.3,0.3,0.6,1,10.88888888888889,1.3119143239625166
38.5,0.0,44.4,1.9,0.4,0.2,0.3,0.5,0,40.0,5.2631578947368425
36.7,0.0,66.7,1.7,0.5,0.1,0.3,0.6,0,21.578947368421055,3.2695374800637964
37.5,28.6,61.5,0.4,0.6,0.2,0.0,0.5,1,27.69230769230769,4.395604395604395
37.7,37.3,74.4,1.8,2.7,0.5,0.2,0.9,0,7.258064516129032,0.3647268601069866
31.0,0.0,60.4,1.0,0.3,0.3,0.1,0.4,0,29.411764705882355,4.743833017077799
45.5,21.3,68.4,4.8,4.8,2.5,1.0,4.2,1,3.5807860262008737,0.09574294187702871
46.8,35.5,74.7,8.3,3.6,1.1,0.2,2.6,1,4.361702127659575,0.12115839243498819
48.5,0.0,74.5,7.9,1.9,0.7,2.1,1.7,1,5.47945205479452,0.16163575382874693
53.8,0.0,69.6,8.1,3.8,0.6,0.8,3.1,1,5.095541401273886,0.1512030089398779
47.5,0.0,61.7,4.7,8.2,1.8,0.6,2.2,1,13.39622641509434,0.48187864802497626
49.1,0.0,75.7,5.0,1.1,0.7,0.7,1.1,1,6.538461538461538,0.25843721495895405
53.1,0.0,64.9,4.9,1.7,0.6,0.6,2.4,0,3.9622641509433962,0.15723270440251572
45.4,22.2,64.6,4.7,2.4,1.6,0.4,1.6,1,8.478260869565219,0.37349166826278496
39.6,31.9,77.0,2.0,0.7,0.9,0.1,0.3,0,13.559322033898304,0.684814244136278
45.5,20.0,72.8,4.7,1.3,0.6,0.8,1.1,1,9.411764705882353,0.42976094547408006
43.0,25.0,74.1,2.0,2.0,1.2,0.3,1.7,1,8.75,0.41866028708133973
43.7,29.8,80.1,2.1,3.6,0.8,0.0,1.5,1,7.864077669902912,0.37808065720687073
39.7,0.0,58.1,4.9,1.1,0.4,0.7,1.7,1,7.462686567164179,0.38074931465123363
45.4,27.9,77.7,2.3,4.5,0.9,0.1,1.9,1,15.09433962264151,0.7740686985970004
46.7,33.3,67.6,7.1,0.7,0.8,1.1,1.4,1,10.0,0.5347593582887701
40.8,32.9,83.3,1.7,3.0,0.6,0.1,1.6,1,9.71014492753623,0.5335244465679247
56.2,0.0,61.4,3.6,0.7,0.5,1.5,0.9,1,15.471698113207548,0.8691965232139072
49.0,22.2,66.3,3.3,1.2,0.3,0.4,0.9,1,8.101265822784809,0.46828126143264787
58.1,0.0,72.7,4.2,0.5,0.5,0.5,1.4,1,10.303030303030303,0.6823198876179009
54.5,0.0,58.7,4.3,0.7,0.5,0.6,1.2,1,11.846153846153847,0.7897435897435898
45.6,8.3,74.3,3.5,1.3,0.3,0.2,1.0,1,10.303030303030303,0.6961506961506961
47.6,0.0,63.2,3.5,0.5,0.3,0.4,1.1,1,14.807692307692307,1.0355029585798816
47.1,0.0,69.3,2.9,0.8,0.6,0.2,0.7,1,14.999999999999998,1.056338028169014
42.3,25.0,72.9,2.6,1.8,0.6,0.3,0.9,0,14.56521739130435,1.0709718670076729
47.6,0.0,68.7,3.4,0.4,0.3,0.3,1.2,1,12.037037037037036,0.8916323731138546
41.3,35.0,76.9,1.6,1.1,0.7,0.3,0.8,0,13.0,0.9848484848484849
52.7,0.0,63.9,3.5,0.4,0.3,0.1,0.9,1,14.761904761904761,1.1183261183261184
45.0,23.5,70.1,1.7,1.3,0.4,0.1,0.9,0,11.636363636363637,0.8882720333102013
54.4,0.0,64.9,2.9,1.0,0.3,0.5,1.0,1,10.535714285714286,0.8167220376522702
65.9,0.0,62.6,4.4,0.9,0.7,0.8,1.1,0,9.45945945945946,0.5197505197505198
44.1,32.0,79.7,1.7,0.7,0.4,0.1,0.9,1,10.689655172413794,0.9295352323838081
39.3,0.0,35.3,2.9,0.5,0.2,0.2,1.1,0,9.210526315789474,0.8373205741626795
38.0,33.3,75.0,0.8,1.0,0.6,0.1,0.7,0,12.727272727272728,1.15702479338843
41.1,4.5,86.8,1.2,0.5,0.3,0.1,0.8,1,11.8,1.1028037383177571
48.6,0.0,60.0,1.7,0.6,0.2,0.2,0.4,0,10.714285714285714,1.0302197802197801
42.6,28.3,78.9,1.2,0.9,0.4,0.1,0.7,1,13.673469387755102,1.4393125671321159
46.8,0.0,69.0,1.5,0.7,0.3,0.3,0.6,1,15.789473684210527,1.814882032667877
42.7,0.0,75.0,1.4,1.1,0.3,0.0,0.6,0,13.225806451612902,1.5934706568208314
43.6,0.0,74.6,1.9,0.4,0.1,0.1,0.6,1,16.756756756756754,2.0945945945945943
37.8,20.0,63.6,1.0,0.8,0.3,0.1,0.8,0,12.647058823529411,1.8876207199297628
45.5,0.0,60.8,2.2,0.3,0.1,0.6,0.6,0,25.238095238095237,2.498821310702499
33.8,31.0,63.0,0.6,0.6,0.2,0.0,0.5,0,23.47826086956522,3.9130434782608696
47.4,0.0,73.9,9.0,2.0,1.1,2.1,3.4,0,2.5,0.07062146892655367
49.0,20.0,68.7,8.0,2.4,1.2,0.5,3.0,1,4.7953216374269,0.14531277689172425
49.6,0.0,48.1,8.9,2.9,1.3,0.5,3.4,1,5.4362416107382545,0.17765495459928934
51.5,0.0,68.4,7.2,1.0,0.4,0.5,2.3,1,5.510204081632653,0.19609267194422253
49.0,33.3,74.6,7.6,1.0,0.8,2.6,1.8,1,7.117117117117117,0.2695877695877696
46.3,18.5,89.6,2.1,1.9,1.3,0.4,1.4,1,3.9285714285714284,0.15527950310559005
46.8,28.0,55.7,2.6,2.0,0.8,0.1,1.9,1,6.48,0.25920000000000004
48.1,31.3,79.8,1.5,4.8,0.8,0.1,1.9,1,8.72340425531915,0.3649959939464079
42.6,0.0,73.0,4.3,1.1,0.5,0.5,1.1,0,13.666666666666666,0.789980732177264
51.9,0.0,66.2,8.6,1.7,0.9,0.4,2.3,1,8.020833333333334,0.34873188405797106
50.7,0.0,60.7,5.7,0.7,0.5,0.8,1.4,1,9.879518072289155,0.4772714044584133
46.6,22.2,78.1,6.1,1.2,0.5,0.6,1.3,0,7.837837837837838,0.3804775649435843
55.8,0.0,67.3,3.9,1.1,0.9,0.5,1.9,1,9.411764705882353,0.47058823529411764
53.9,16.7,61.1,4.6,0.7,0.6,0.6,1.2,1,12.8125,0.6815159574468085
45.6,0.0,53.1,4.1,0.6,0.4,0.1,1.2,1,15.106382978723405,0.812171127888355
46.9,0.0,64.7,4.3,0.3,0.5,0.1,1.1,1,8.311688311688311,0.4860636439583807
48.3,18.2,78.5,1.6,4.3,1.0,0.1,2.0,1,10.128205128205128,0.6492439184746877
47.4,31.0,80.6,1.5,2.5,1.0,0.0,1.3,1,11.126760563380282,0.7225169197000183
42.7,31.0,59.6,3.3,0.5,0.5,0.5,1.2,0,4.857142857142857,0.2840434419381787
45.7,31.1,61.1,1.9,2.9,0.9,0.1,1.4,0,14.489795918367346,0.8781694495980209
47.2,9.1,61.9,3.1,1.1,1.0,0.8,1.2,0,16.595744680851062,1.106382978723404
48.1,27.0,78.5,1.7,3.5,0.9,0.0,1.4,0,13.818181818181818,0.9273947528981086
46.5,0.0,72.3,4.7,0.6,0.3,0.4,1.3,1,15.384615384615383,1.0395010395010393
40.9,17.6,58.3,1.7,0.9,0.4,0.1,0.9,0,13.076923076923077,1.029678982434888
52.8,0.0,43.5,3.8,0.3,0.2,0.3,0.9,0,15.609756097560977,1.229114653351258
52.8,0.0,43.5,3.8,0.3,0.2,0.3,0.9,0,15.609756097560977,1.229114653351258
60.4,0.0,42.5,2.8,0.3,0.4,0.4,0.4,0,18.92857142857143,1.7526455026455028
48.0,0.0,85.2,1.5,0.8,0.3,0.1,0.9,0,13.2,1.2571428571428571
38.4,32.0,75.6,1.6,0.9,0.4,0.2,0.6,0,17.11111111111111,1.0694444444444444
40.8,20.0,60.0,1.0,1.8,0.4,0.1,1.1,0,12.162162162162161,1.1694386694386694
38.3,11.1,51.4,0.7,1.5,0.8,0.1,0.9,0,12.857142857142858,1.2605042016806725
45.5,0.0,72.8,1.0,1.2,0.4,0.1,0.7,1,14.883720930232558,1.4883720930232558
44.4,50.0,55.8,1.5,1.6,0.8,0.3,0.9,1,14.864864864864865,1.6157461809635725
44.2,20.0,92.6,1.0,0.9,0.4,0.1,0.6,1,12.666666666666666,1.4901960784313726
55.7,0.0,66.7,1.1,0.2,0.1,0.2,0.5,0,10.588235294117647,1.3931888544891642
36.4,25.0,92.9,0.8,1.2,0.3,0.1,0.9,1,17.8125,2.34375
40.7,0.0,79.5,2.0,0.3,0.1,0.2,0.8,1,15.0,2.1739130434782608
30.8,26.4,64.4,1.4,3.2,0.9,0.1,1.2,0,26.78571428571429,1.773888363292337
51.5,17.3,84.5,6.5,5.9,2.4,0.8,3.5,1,2.9078014184397163,0.0759217080532563
47.0,0.0,76.7,4.0,3.1,1.2,0.1,2.5,1,5.673758865248227,0.18243597637454106
53.7,0.0,71.1,8.6,2.8,0.7,2.7,2.3,1,7.6,0.2602739726027397
54.5,16.7,73.3,8.6,1.9,1.2,1.0,2.5,1,5.857142857142857,0.20479520479520477
47.1,25.0,82.0,7.4,1.6,0.8,0.8,1.2,1,7.454545454545454,0.26341150016061676
44.6,20.0,82.9,2.1,4.4,1.3,0.1,2.1,1,9.09090909090909,0.3523608174770965
51.1,0.0,78.4,5.7,0.5,0.5,1.1,1.5,1,7.452830188679245,0.30173401573600184
60.0,0.0,62.0,6.8,1.4,0.4,0.5,2.3,1,6.40625,0.27377136752136755
46.7,22.2,65.7,6.4,0.4,0.4,0.6,1.3,1,8.817204301075268,0.4044589128933609
54.3,0.0,73.7,5.2,0.7,0.6,0.4,1.1,1,10.563380281690142,0.49132001310186707
49.8,36.4,73.4,3.4,3.5,1.6,0.3,2.1,1,8.58695652173913,0.4031434986731986
55.7,0.0,71.5,5.1,1.0,0.2,0.4,1.5,1,8.387096774193548,0.4131574765612585
52.0,0.0,64.8,5.1,1.6,0.6,0.8,1.8,1,9.285714285714285,0.4619758351101634
52.0,0.0,64.8,5.1,1.6,0.6,0.8,1.8,0,9.285714285714285,0.4619758351101634
52.0,0.0,64.8,5.1,1.6,0.6,0.8,1.8,0,9.285714285714285,0.4619758351101634
31.7,31.1,50.0,1.4,1.4,0.6,0.2,1.0,1,7.837837837837838,0.47791694133157553
31.7,31.1,50.0,1.4,1.4,0.6,0.2,1.0,0,7.837837837837838,0.47791694133157553
31.7,31.1,50.0,1.4,1.4,0.6,0.2,1.0,0,7.837837837837838,0.47791694133157553
45.4,0.0,85.9,3.0,1.5,0.4,0.1,1.3,1,12.413793103448276,0.6269592476489028
46.0,0.0,67.8,3.5,1.9,0.7,0.1,1.4,1,12.424242424242426,0.643743130789763
52.8,33.3,78.9,3.7,1.3,0.5,1.3,1.7,1,7.75,0.4015544041450777
45.3,35.1,75.4,1.9,3.1,1.0,0.1,1.4,1,10.985915492957748,0.5874821119228743
47.0,0.0,47.4,4.4,0.5,0.5,0.5,1.9,1,11.029411764705882,0.5898081157596728
47.1,18.2,73.6,1.3,5.1,1.3,0.1,1.8,1,14.642857142857144,0.8045525902668761
45.9,16.0,81.0,1.5,1.7,0.6,0.2,1.1,0,10.422535211267606,0.6024586827322316
46.0,18.8,71.1,1.8,2.9,1.0,0.2,1.3,0,16.818181818181817,0.9893048128342246
49.8,0.0,54.1,4.9,0.3,0.4,0.3,1.2,1,9.818181818181818,0.5775401069518716
47.8,0.0,73.3,3.6,0.5,0.2,0.2,1.0,0,14.50980392156863,0.9609141669913
43.1,50.0,82.0,2.4,0.9,0.3,0.2,0.9,1,6.206896551724138,0.43103448275862066
49.2,0.0,66.9,3.3,1.3,0.4,0.2,1.3,1,15.918367346938775,1.1131725417439702
58.9,0.0,39.8,3.6,0.8,0.5,0.8,0.9,0,18.10810810810811,1.3615118878276773
41.6,0.0,70.6,2.1,1.4,0.3,0.2,1.3,0,11.568627450980394,0.9037990196078433
47.8,0.0,64.6,2.7,0.8,0.6,0.4,0.9,1,12.622950819672132,1.0179799048122686
32.6,0.0,56.4,3.1,0.4,0.2,0.8,0.8,0,35.333333333333336,2.872628726287263
48.6,0.0,75.8,2.5,0.5,0.2,0.5,1.2,1,18.75,1.5756302521008403
49.6,0.0,80.0,1.6,0.4,0.5,0.1,1.2,1,10.0,0.8928571428571429
38.3,22.2,75.5,1.0,1.4,0.5,0.1,1.1,0,15.365853658536587,1.4227642276422765
39.7,25.0,70.7,2.0,0.4,0.2,0.2,0.8,0,17.36842105263158,1.6385302879841113
44.0,0.0,75.0,1.6,0.7,0.2,0.2,0.6,0,13.421052631578949,1.2781954887218046
36.7,0.0,50.9,1.6,0.4,0.4,0.1,0.7,0,17.647058823529413,1.9181585677749364
37.3,0.0,76.5,1.3,0.9,0.5,0.2,0.6,1,17.87878787878788,1.9647019647019648
48.2,0.0,64.2,1.4,0.3,0.2,0.3,0.7,0,11.333333333333334,1.2592592592592593
38.3,0.0,68.8,0.6,0.4,0.5,0.1,0.7,0,11.19047619047619,1.2573568753344033
37.3,13.3,69.2,0.5,1.2,0.2,0.0,0.7,1,11.875,1.6725352112676057
41.5,0.0,52.0,1.4,0.6,0.2,0.1,0.4,0,20.476190476190474,2.8839704896042924
41.2,0.0,50.0,1.9,0.3,0.2,0.3,0.4,0,30.0,4.3478260869565215
41.9,36.4,67.7,0.9,0.7,0.1,0.1,0.8,0,11.818181818181818,1.9696969696969697
38.8,0.0,88.2,0.6,0.7,0.1,0.0,0.5,1,21.11111111111111,4.491725768321513
52.3,25.0,66.1,11.1,2.0,0.8,2.4,3.6,1,3.9047619047619047,0.11904761904761905
48.0,18.8,75.3,6.9,2.1,0.9,0.8,2.0,1,6.75,0.225
46.9,0.0,73.0,2.5,8.3,1.5,0.2,3.4,1,9.523809523809524,0.3527336860670194
49.9,25.0,73.1,5.7,2.2,0.7,0.7,1.5,1,7.314814814814814,0.27812984086748344
35.6,24.5,63.8,3.0,0.3,0.4,0.1,0.9,1,12.38095238095238,0.9672619047619047
44.8,24.1,74.2,4.0,2.3,1.3,0.1,1.7,1,6.612903225806451,0.25532444887283595
51.2,0.0,75.2,5.7,1.6,0.5,1.5,1.3,1,9.529411764705882,0.3842504743833017
44.4,32.4,82.6,1.9,1.9,0.3,0.2,1.4,1,6.694214876033058,0.27435306868987946
46.2,16.7,78.5,2.7,3.9,1.6,0.4,2.1,1,8.709677419354838,0.36442164934539073
49.6,0.0,59.0,6.2,0.9,0.4,1.8,1.4,1,14.545454545454545,0.6269592476489029
48.4,23.5,80.6,2.2,2.4,1.1,0.3,1.6,1,6.981132075471699,0.31588832920686416
46.7,23.1,77.2,3.8,1.5,0.8,0.5,0.9,0,9.11111111111111,0.43180621379673506
44.3,11.5,67.3,2.1,2.9,1.2,0.3,1.4,1,14.385964912280702,0.6883236800134308
53.6,25.0,83.7,3.8,1.2,0.7,0.5,1.3,1,10.821917808219178,0.5578308148566586
44.8,26.2,78.7,1.5,2.2,0.7,0.1,1.4,0,9.638554216867469,0.5414918099363747
45.8,0.0,65.6,4.1,0.2,0.2,0.7,0.6,0,10.0,0.7936507936507937
44.5,24.3,88.9,1.2,3.3,0.4,0.0,1.1,1,10.579710144927535,0.6011198945981554
45.1,25.0,72.8,2.9,1.9,1.3,0.3,1.5,1,10.64935064935065,0.6191482935668983
46.4,9.1,72.7,2.1,1.8,0.8,0.1,1.0,0,11.428571428571429,0.676246830092984
41.7,26.7,79.1,2.0,3.5,1.6,0.2,2.4,1,10.379746835443038,0.6447047723877662
41.3,11.1,77.7,1.6,3.4,1.2,0.1,1.4,0,18.57142857142857,1.1680143755615453
45.6,41.4,71.9,3.7,0.8,0.6,0.1,1.2,1,8.170731707317074,0.517134918184625
44.1,0.0,71.4,2.5,2.3,0.5,0.2,1.3,1,12.295081967213115,0.78312623994988
50.3,40.0,60.9,0.9,0.9,0.2,0.0,0.4,1,17.333333333333332,1.2652068126520681
43.9,0.0,71.4,3.6,0.5,0.4,0.3,1.2,1,9.423076923076923,0.6928733031674209
51.7,0.0,60.8,2.9,0.8,0.3,1.1,0.8,1,21.666666666666668,1.6290726817042607
41.6,37.5,67.6,1.3,0.7,0.4,0.1,0.9,0,7.169811320754717,0.5735849056603773
45.9,26.3,77.0,1.6,1.3,0.3,0.1,0.8,0,8.870967741935484,0.7096774193548387
50.9,0.0,85.1,1.2,1.2,0.5,0.0,0.8,0,6.153846153846154,0.5259697567389876
38.8,0.0,70.0,2.4,0.9,0.2,0.4,0.7,0,17.407407407407405,1.5682349015682346
41.9,12.5,82.1,0.9,0.9,0.3,0.0,0.7,1,13.636363636363637,1.323918799646955
44.5,18.2,61.5,0.7,3.0,0.2,0.0,0.7,1,16.896551724137932,1.8168335187245088
49.7,0.0,61.5,1.2,0.8,0.5,0.4,1.0,0,10.666666666666666,1.146953405017921
54.4,0.0,53.8,2.9,0.5,0.5,0.3,0.5,0,12.580645161290322,1.4800759013282732
38.4,0.0,69.6,1.9,0.3,0.2,0.7,0.6,1,19.655172413793103,2.3680930619027833
39.7,23.1,78.3,1.0,0.8,0.4,0.0,0.4,1,27.142857142857142,3.310104529616725
37.3,29.0,62.5,2.2,2.4,1.0,0.3,1.2,0,8.048780487804878,0.4762592004618271
37.9,36.0,93.8,2.5,0.4,0.3,0.0,0.2,0,15.588235294117647,1.2571157495256167
27.0,0.0,66.7,1.5,0.5,0.1,0.1,1.0,0,7.894736842105264,0.999333777481679
57.1,0.0,41.8,1.8,0.5,0.3,0.2,0.4,0,12.162162162162161,1.5395141977420457
44.8,0.0,64.3,0.9,0.8,0.3,0.1,0.6,1,20.37037037037037,2.680311890838207
45.5,0.0,31.3,1.8,0.2,0.0,0.1,0.6,1,18.42105263157895,3.2894736842105265
52.3,0.0,70.9,10.6,2.5,1.8,0.9,2.9,1,2.9535864978902953,0.08159078723453854
47.9,22.2,74.1,10.6,2.8,1.7,0.5,2.7,1,4.029850746268656,0.11817744123955004
46.6,20.0,73.0,3.4,3.7,0.9,0.1,2.7,1,5.033112582781457,0.18369024024749844
44.8,31.7,79.2,4.5,2.1,0.8,0.8,1.6,1,7.9611650485436884,0.2970583973337197
45.2,22.2,72.3,1.6,3.6,1.1,0.1,2.1,1,7.6767676767676765,0.2886002886002886
53.5,0.0,71.2,2.6,0.4,0.3,0.9,0.3,0,17.575757575757578,1.4894709809964048
57.9,25.0,62.4,5.2,1.7,1.2,0.8,2.3,1,5.746268656716418,0.22446361940298507
46.2,46.7,67.2,2.8,2.5,0.7,0.1,0.9,1,9.285714285714285,0.39513677811550146
42.8,34.5,69.6,2.7,2.1,0.7,0.3,1.9,1,7.019230769230769,0.29996712689020383
46.2,0.0,69.0,4.1,1.0,0.4,0.6,1.7,1,15.686274509803923,0.7765482430596001
59.5,0.0,61.4,5.9,0.8,0.8,0.1,0.6,1,18.636363636363633,0.9318181818181817
40.8,13.3,75.3,1.8,4.9,1.2,0.2,2.5,0,10.571428571428571,0.5421245421245421
48.7,12.5,81.0,1.5,2.6,0.6,0.0,1.9,0,8.817204301075268,0.4544950670657355
45.7,11.1,59.7,3.6,2.6,1.3,0.6,2.0,1,11.791044776119403,0.6109349624932333
42.2,20.0,64.2,2.1,0.5,0.5,0.2,0.7,0,18.214285714285715,1.6118836915297092
47.9,0.0,69.9,2.9,3.4,1.6,0.1,1.3,1,15.306122448979592,0.8098477486232589
41.4,0.0,65.6,5.7,1.4,0.3,3.4,1.7,1,18.837209302325583,0.9966777408637876
53.3,0.0,74.1,5.4,1.4,0.6,0.9,1.1,0,11.904761904761905,0.6332320162107397
40.0,0.0,65.2,1.8,2.5,0.9,0.3,1.4,0,12.222222222222221,0.6944444444444443
43.1,34.4,72.8,1.9,0.8,0.6,0.2,0.6,0,12.622950819672132,0.6440281030444965
38.0,0.0,73.7,1.6,2.9,0.5,0.2,1.6,0,10.75,0.636094674556213
42.9,40.0,83.3,1.8,1.8,0.8,0.2,1.4,1,9.382716049382717,0.572116832279434
40.4,36.8,69.6,3.5,1.5,0.7,0.3,1.2,1,15.0,0.920245398773006
47.6,25.0,73.5,3.3,0.8,0.3,0.3,1.1,0,12.419354838709678,0.7810914992899168
43.2,0.0,76.2,1.4,2.5,0.8,0.1,1.7,1,11.929824561403509,0.8171112713290074
45.5,13.9,67.3,1.7,0.4,0.4,0.2,0.8,0,14.054054054054053,1.3644712673838886
48.5,0.0,57.1,3.7,0.8,0.4,0.6,1.2,1,11.071428571428573,0.7796780684104629
51.2,0.0,65.0,5.3,0.5,0.6,0.9,1.4,1,13.148148148148147,0.945909938715694
53.4,0.0,77.4,3.4,0.9,0.4,0.2,0.8,0,10.816326530612244,0.8194186765615337
31.4,0.0,78.3,2.7,0.8,0.3,0.2,0.7,0,15.714285714285715,1.3317191283292977
36.4,11.1,81.0,1.1,1.9,0.2,0.0,1.4,0,25.185185185185183,2.2689356022689355
36.4,11.1,81.0,1.1,1.9,0.2,0.0,1.4,1,25.185185185185183,2.2689356022689355
43.5,14.3,57.7,1.5,0.7,0.4,0.1,1.0,1,12.25,1.1556603773584906
44.5,0.0,47.1,2.2,0.5,0.3,0.2,0.5,0,16.363636363636363,1.5887025595763458
42.0,0.0,57.1,2.5,0.3,0.1,0.6,0.4,0,16.25,1.608910891089109
47.7,14.3,76.0,1.2,1.1,0.4,0.1,0.9,1,15.5,1.5816326530612244
54.3,0.0,64.2,1.6,0.5,0.3,0.0,0.8,1,13.0,1.3541666666666667
48.5,15.4,70.0,2.4,0.4,0.5,0.3,0.5,0,21.05263157894737,2.105263157894737
44.9,36.0,73.7,1.2,0.6,0.3,0.1,0.6,0,12.222222222222221,1.3002364066193852
40.6,0.0,67.8,1.6,0.6,0.3,0.2,1.0,0,15.0,1.7241379310344829
36.7,0.0,45.0,2.0,0.5,0.1,0.3,0.7,0,17.692307692307693,2.1316033364226135
37.4,22.0,64.4,1.1,0.8,0.6,0.1,0.7,0,17.5,2.1341463414634148
41.5,0.0,66.0,0.9,0.8,0.5,0.1,0.9,0,13.333333333333334,1.6877637130801688
40.4,0.0,31.3,1.9,0.2,0.1,0.3,0.4,1,36.0,5.294117647058823
37.5,14.3,56.3,0.9,0.4,0.2,0.1,0.5,1,17.727272727272727,2.606951871657754
45.3,0.0,44.4,2.1,0.2,0.1,0.1,1.0,1,16.363636363636363,3.2085561497326203
34.2,0.0,55.0,1.3,0.1,0.2,0.0,0.3,1,25.833333333333336,5.740740740740741
36.1,9.1,66.7,0.5,0.6,0.1,0.1,0.4,0,12.068965517241379,2.8735632183908044
49.6,22.7,79.7,5.4,3.3,1.1,0.2,3.4,1,3.796296296296296,0.10123456790123456
58.2,0.0,62.4,12.3,1.3,1.0,1.0,2.9,1,5.290322580645161,0.1533426834969612
42.4,28.8,70.4,2.9,7.8,2.1,0.2,4.2,1,4.235294117647059,0.12530455969369997
52.5,0.0,62.0,6.9,1.8,0.7,0.6,2.7,1,4.709302325581396,0.14227499473055574
49.7,25.0,71.6,7.0,2.2,1.1,0.3,2.4,1,3.7850467289719627,0.11682242990654207
46.5,35.2,68.0,4.9,3.2,0.7,0.4,2.6,1,2.7272727272727275,0.0946969696969697
47.7,28.6,67.0,7.4,1.7,0.7,2.2,1.7,1,7.130434782608695,0.25649045980606816
56.1,33.3,75.2,9.3,1.6,0.5,0.7,2.9,1,5.694444444444445,0.2109053497942387
41.4,21.5,75.0,1.9,4.8,1.0,0.1,2.0,1,7.3831775700934585,0.2872831739335976
44.1,0.0,70.3,3.8,2.4,0.9,0.0,1.4,1,9.638554216867469,0.38554216867469876
61.3,0.0,64.2,5.9,1.2,0.5,1.1,2.5,1,6.09375,0.273262331838565
48.2,23.1,77.8,4.1,1.9,0.8,0.5,2.4,1,6.2809917355371905,0.28165882222139865
47.7,0.0,68.4,5.1,1.8,0.7,0.2,1.3,1,8.333333333333334,0.3912363067292645
45.9,9.1,66.4,4.4,1.5,0.7,0.2,1.3,1,7.956989247311827,0.38814581694204037
45.9,9.1,66.4,4.4,1.5,0.7,0.2,1.3,1,7.956989247311827,0.38814581694204037
48.1,0.0,75.7,5.2,1.8,0.6,0.9,1.8,1,10.379746835443038,0.5242296381536887
43.4,0.0,77.5,3.3,0.6,0.5,0.3,1.4,0,11.285714285714286,0.5877976190476191
55.6,0.0,55.1,5.2,0.6,0.8,1.3,1.1,0,9.672131147540984,0.5314357773374168
51.8,0.0,50.4,5.4,0.9,0.9,1.2,1.2,1,13.913043478260871,0.7860476541390323
46.1,0.0,58.3,4.7,1.0,0.3,1.3,0.9,1,11.88679245283019,0.6910925844668715
50.3,0.0,70.8,3.6,0.7,0.6,0.3,0.8,1,14.489795918367346,0.8523409363745498
41.3,0.0,76.0,1.8,3.3,1.1,0.0,1.6,1,12.8125,0.7581360946745562
45.3,28.1,72.6,1.9,2.5,0.8,0.2,1.3,0,10.0,0.6134969325153374
46.5,30.5,65.7,1.4,2.3,0.8,0.1,1.4,0,9.142857142857142,0.5678793256433007
46.4,0.0,72.0,2.7,1.2,0.5,0.4,1.0,0,10.289855072463768,0.6431159420289855
51.3,0.0,69.9,3.0,1.1,0.3,0.3,1.4,1,10.273972602739727,0.6502514305531473
51.9,0.0,52.0,4.8,1.1,0.2,1.5,1.6,1,17.77777777777778,1.2012012012012012
52.1,0.0,64.1,3.2,1.0,0.5,0.9,1.3,1,12.121212121212121,0.819000819000819
54.6,0.0,60.1,2.6,0.7,0.4,0.3,0.9,1,15.714285714285714,1.1224489795918366
43.5,0.0,59.4,1.6,0.8,0.4,0.0,0.5,0,12.564102564102564,0.9664694280078895
31.6,28.0,73.3,0.6,1.4,0.4,0.0,0.8,0,10.434782608695652,1.1220196353436185
50.9,0.0,45.9,2.5,0.6,0.3,0.7,0.7,0,24.82758620689655,2.086351782092147
51.0,0.0,82.0,1.2,0.5,0.3,0.0,0.8,1,11.73913043478261,1.0297482837528604
45.9,22.2,64.3,0.8,1.4,0.5,0.0,1.1,0,10.652173913043478,0.9596553074813945
58.3,50.0,82.5,1.3,0.8,0.4,0.1,0.8,0,15.862068965517242,1.4824363519174995
47.8,0.0,81.1,2.5,0.6,0.2,0.2,0.8,0,14.210526315789474,1.3406156901688184
35.7,29.4,86.2,1.1,1.6,0.7,0.1,1.0,1,12.926829268292684,1.2195121951219514
46.5,0.0,58.5,1.3,0.4,0.5,0.1,0.9,1,7.959183673469387,0.8843537414965986
54.0,66.7,50.7,0.7,1.3,0.4,0.1,1.0,0,12.647058823529411,1.4705882352941178
52.4,0.0,60.4,1.7,0.3,0.3,0.1,0.7,0,11.142857142857142,1.3109243697478992
35.5,30.1,77.8,1.3,0.3,0.2,0.0,0.3,0,15.925925925925926,1.7310789049919486
45.8,0.0,65.4,1.5,0.2,0.2,0.1,0.4,0,12.352941176470589,1.5250544662309369
43.3,0.0,74.1,0.6,1.1,0.4,0.1,0.6,1,11.666666666666666,1.690821256038647
44.4,0.0,73.2,1.5,0.1,0.1,0.0,0.4,0,15.806451612903226,2.2907900888265544
45.1,0.0,67.7,0.7,0.4,0.3,0.1,0.7,0,17.0,2.5757575757575757
32.2,0.0,64.7,0.8,0.4,0.3,0.1,0.6,1,18.947368421052634,2.870813397129187
49.1,0.0,71.6,9.3,1.4,0.6,1.5,3.0,1,4.338624338624339,0.12187147018607693
46.4,19.2,71.6,3.6,2.4,1.3,0.5,2.9,1,3.932038834951456,0.11107454336021062
51.2,0.0,58.8,12.1,1.1,0.8,0.8,1.8,1,8.541666666666668,0.2720276008492569
48.6,27.8,63.7,6.1,3.2,1.1,0.3,1.9,1,7.181818181818182,0.22945106012198663
45.2,9.7,74.9,2.4,6.9,1.1,0.1,2.9,1,5.2631578947368425,0.1731301939058172
37.1,17.4,86.0,1.6,2.8,0.4,0.0,1.5,0,6.226415094339623,0.37965945697192827
36.3,19.0,66.7,1.5,0.3,0.2,0.0,0.4,0,17.619047619047617,2.0487264673311185
50.3,0.0,76.5,8.6,2.7,0.7,1.0,1.6,1,8.26530612244898,0.2718850698174007
47.9,0.0,70.6,5.4,2.5,1.2,0.4,2.0,1,5.578231292517007,0.184709645447583
42.3,0.0,76.7,7.5,1.3,1.0,1.8,2.3,1,4.242424242424242,0.15044057597249086
46.8,24.0,73.3,2.9,3.7,1.7,0.4,2.2,1,7.232142857142858,0.29639929742388765
49.5,31.0,71.2,1.9,3.6,0.8,0.1,2.9,1,5.813953488372093,0.24635396137169882
46.0,0.0,69.9,6.7,1.5,0.5,0.3,1.8,0,8.095238095238095,0.3444782168186423
45.3,33.3,80.6,3.8,1.9,0.7,0.1,1.3,0,11.475409836065575,0.49040212974639213
44.4,0.0,77.6,3.3,2.3,1.3,0.3,2.1,1,7.043478260869565,0.30892448512585813
49.1,0.0,80.7,4.4,1.6,0.7,0.3,1.5,1,7.809523809523809,0.3582350371341197
49.9,0.0,66.3,4.5,1.0,0.6,0.6,1.6,0,7.745098039215687,0.3569169603325202
40.7,23.5,79.7,1.6,3.3,1.2,0.1,2.2,1,11.515151515151516,0.5536130536130536
40.7,23.5,79.7,1.6,3.3,1.2,0.1,2.2,0,11.515151515151516,0.5536130536130536
53.3,0.0,67.9,4.4,0.7,0.3,1.8,1.3,1,8.2,0.40796019900497504
44.4,14.8,75.0,2.4,3.2,0.9,0.2,1.5,0,10.142857142857142,0.5122655122655122
46.0,0.0,72.9,3.6,1.4,0.6,0.3,1.8,0,10.253164556962025,0.5204652059371586
47.9,5.3,61.0,2.4,4.5,1.5,0.3,1.9,1,11.08108108108108,0.5771396396396397
45.0,0.0,67.5,4.9,0.7,0.6,0.8,1.1,1,11.914893617021276,0.6304176516942475
51.1,23.5,89.9,1.6,2.0,0.9,0.1,1.2,1,10.123456790123457,0.5655562452582937
47.8,20.0,79.3,2.1,1.5,0.8,0.3,1.1,1,13.703703703703702,0.8061002178649237
42.5,30.4,85.7,1.5,0.4,0.2,0.1,0.5,0,16.47058823529412,2.0334059549745827
52.9,0.0,67.0,4.4,0.7,0.6,1.4,1.7,1,6.8965517241379315,0.4364906154517678
49.5,0.0,75.0,1.8,1.8,0.9,0.1,1.4,0,17.297297297297295,1.1687363038714387
54.2,0.0,59.4,4.5,0.6,0.1,1.1,1.0,1,12.830188679245284,0.8909853249475891
45.2,32.6,72.9,2.0,0.7,0.3,0.7,0.9,1,16.666666666666668,1.4367816091954024
41.2,33.3,68.3,1.1,2.6,0.5,0.1,1.0,1,12.926829268292684,0.9435641801673492
50.7,0.0,67.5,4.1,0.5,0.4,0.8,0.7,1,10.833333333333334,0.8084577114427861
51.2,0.0,76.2,3.7,0.5,0.2,0.3,0.7,1,11.25,0.872093023255814
46.2,30.0,73.7,1.2,1.0,0.4,0.0,0.9,1,9.642857142857144,0.7776497695852536
44.2,20.0,76.6,1.2,0.9,0.4,0.1,0.7,1,17.23404255319149,1.4729950900163666
32.7,0.0,55.6,0.9,1.4,0.5,0.1,0.9,0,22.22222222222222,1.932367149758454
46.2,0.0,69.0,2.0,0.6,0.5,0.3,0.7,0,11.707317073170733,1.0360457586876755
46.0,27.3,65.0,1.4,0.2,0.2,0.0,0.4,0,9.487179487179487,1.2163050624589087
41.8,16.7,66.7,3.0,0.2,0.3,0.1,0.7,0,8.979591836734693,0.8163265306122448
45.7,0.0,60.3,2.5,0.5,0.3,0.1,1.1,0,12.790697674418606,1.1953923060204306
45.4,0.0,51.6,3.0,0.5,0.4,0.4,0.6,1,12.38095238095238,1.2138188608776843
45.4,0.0,56.4,1.0,1.2,0.6,0.1,1.3,0,18.4375,1.8254950495049505
35.8,0.0,78.1,0.9,1.5,0.5,0.0,0.6,1,23.5,2.447916666666667
33.0,0.0,73.9,1.2,1.3,0.4,0.0,0.6,0,21.42857142857143,2.4077046548956664
41.2,0.0,43.5,1.7,0.3,0.4,0.4,0.6,0,20.37037037037037,2.4250440917107583
34.8,50.0,45.9,1.3,0.3,0.2,0.0,0.6,0,16.923076923076923,3.193033381712627
43.4,41.7,59.0,0.9,1.0,0.4,0.0,0.7,0,18.88888888888889,2.5875190258751903
35.5,29.0,75.0,1.2,0.3,0.1,0.1,0.2,0,13.478260869565219,2.1059782608695654
42.9,36.8,84.4,3.1,6.5,0.9,0.2,3.0,1,4.315789473684211,0.11180801745295882
41.0,38.6,78.6,3.8,2.4,0.9,0.5,1.6,1,4.028776978417266,0.12912746725696367
31.8,16.7,52.9,1.4,2.5,0.4,0.1,0.7,0,11.0,0.7051282051282052
51.6,0.0,75.1,8.2,1.0,1.2,1.8,1.4,1,4.7407407407407405,0.1646090534979424
41.2,31.0,74.6,2.4,3.0,1.0,0.3,2.0,1,4.149659863945579,0.1440854119425548
42.8,35.0,80.6,4.0,0.9,0.7,0.5,1.2,1,9.318181818181817,0.33279220779220775
43.8,0.0,76.4,5.7,1.2,0.5,0.9,1.2,1,9.746835443037975,0.36919831223628696
46.1,27.4,57.0,4.4,0.7,1.2,0.8,0.9,1,9.26829268292683,0.3564727954971858
45.8,22.2,74.9,5.8,1.5,0.7,0.9,1.3,1,8.666666666666666,0.3333333333333333
43.9,35.9,75.8,4.1,1.2,0.6,0.2,1.3,1,8.804347826086957,0.34662786716877786
37.2,32.6,54.6,1.8,2.1,0.4,0.1,1.2,1,9.838709677419354,0.4240823136818687
35.8,32.3,66.7,2.6,1.3,0.9,0.2,0.6,0,2.553191489361702,0.1647220315717227
60.8,50.0,37.1,7.6,0.5,1.0,1.6,0.9,1,7.594936708860759,0.366905155017428
49.3,20.0,74.6,5.9,0.8,0.5,0.5,0.6,0,7.5,0.3787878787878788
54.5,42.9,80.9,3.7,0.5,0.2,0.6,0.7,1,12.545454545454545,0.7168831168831169
41.8,37.5,82.9,2.7,2.9,0.9,0.5,1.1,1,7.321428571428572,0.4207717569786536
38.4,32.8,64.4,2.4,1.2,0.8,0.2,0.6,1,15.6,0.9017341040462428
41.7,38.6,90.9,1.2,2.8,0.5,0.0,0.9,1,10.985915492957748,0.6462303231151616
40.7,33.2,71.4,2.0,0.7,0.6,0.2,0.7,1,11.40625,0.6709558823529411
47.9,42.1,75.9,2.1,0.5,0.3,0.2,0.9,0,6.436781609195402,0.4179728317659352
43.0,0.0,52.3,4.5,0.7,0.6,0.4,1.3,1,14.583333333333334,0.9657836644591612
44.6,38.4,84.3,1.5,0.9,0.2,0.2,0.7,1,10.0,0.6756756756756757
37.1,31.5,57.1,0.9,3.0,0.5,0.1,1.2,0,16.0,1.095890410958904
32.7,20.9,81.8,3.3,0.7,0.5,0.3,0.7,1,27.24137931034483,2.0329387545033453
40.7,39.3,100.0,1.5,0.8,0.3,0.2,0.4,0,22.608695652173914,1.6999019287348807
48.2,0.0,53.3,4.7,0.5,0.3,0.7,0.8,1,10.5,0.8015267175572519
41.5,20.0,88.9,0.9,0.8,0.5,0.1,0.2,0,2.291666666666667,0.1672749391727494
43.6,25.7,66.7,1.7,0.3,0.3,0.3,0.5,0,17.027027027027025,1.340710789529687
36.8,37.8,58.8,1.0,0.7,0.3,0.0,0.6,0,14.242424242424244,1.157920670115792
38.2,13.8,76.9,2.0,0.8,0.5,0.1,0.8,1,18.25,1.4959016393442623
40.0,38.3,71.9,2.2,0.9,0.2,0.2,0.6,0,12.75,1.0537190082644627
58.2,0.0,64.3,3.1,0.2,0.4,0.2,0.4,0,12.702702702702702,1.1045828437132783
51.3,0.0,66.7,3.7,0.9,0.2,0.5,0.7,1,13.902439024390246,1.241289198606272
51.5,0.0,61.0,2.8,0.1,0.3,0.8,0.4,0,16.42857142857143,1.6594516594516595
37.5,28.0,72.4,0.9,0.6,0.4,0.1,0.5,0,14.13793103448276,1.4280738418669454
40.0,32.5,72.4,3.5,1.5,0.7,0.3,0.7,0,5.172413793103448,0.2012612370857373
47.6,0.0,76.8,2.8,0.3,0.1,0.1,0.5,1,8.695652173913045,0.9250693802035154
38.1,17.4,56.3,0.9,1.3,0.2,0.1,0.7,0,22.857142857142858,2.7874564459930316
38.4,25.0,72.4,0.8,1.2,0.2,0.1,0.8,0,13.461538461538462,1.725838264299803
29.5,22.6,89.5,0.3,1.0,0.2,0.0,0.6,0,9.642857142857144,1.2857142857142858
35.3,30.0,100.0,0.8,0.2,0.1,0.1,0.3,1,7.419354838709677,1.159274193548387
41.5,38.0,75.9,3.2,3.8,0.7,0.1,2.6,1,5.15625,0.15963622291021673
42.8,31.3,76.4,3.6,2.3,0.9,0.3,2.1,0,4.444444444444445,0.15117157974300832
40.1,30.6,79.8,3.2,2.8,1.7,0.1,1.9,1,6.2105263157894735,0.21489710435257695
45.2,33.7,55.1,4.8,2.1,1.2,0.5,1.3,1,6.631578947368421,0.2318733897681266
36.6,30.5,78.9,3.5,4.4,0.9,0.3,1.8,1,5.454545454545455,0.2005347593582888
44.8,37.9,83.2,2.6,4.1,0.8,0.1,1.6,1,5.6521739130434785,0.22165387894288152
44.3,41.4,86.8,2.4,2.0,0.7,0.3,1.6,1,5.28,0.21639344262295085
49.3,37.6,77.3,5.1,1.1,1.3,0.4,0.7,1,8.101265822784809,0.3375527426160337
31.3,11.1,82.1,1.5,2.1,0.6,0.3,1.3,0,6.285714285714286,0.4656084656084656
58.6,0.0,66.5,7.7,0.8,0.7,1.0,1.2,1,4.509803921568627,0.20043572984749455
37.2,34.6,68.2,3.5,0.7,1.1,0.5,0.6,0,14.347826086956523,0.661190142256061
41.2,26.8,69.7,4.7,0.6,0.5,0.5,1.2,1,7.499999999999999,0.34883720930232553
39.9,8.0,76.7,2.0,3.2,0.4,0.1,1.5,1,6.0,0.29556650246305416
39.9,34.7,71.7,4.4,1.0,0.7,0.7,1.1,1,8.513513513513512,0.4365904365904365
39.3,27.6,77.6,1.4,2.0,0.7,0.0,1.6,1,9.558823529411764,0.49272286234081264
38.6,36.1,83.3,1.2,1.8,0.5,0.1,1.1,1,8.026315789473685,0.43152235427277874
44.7,15.0,87.2,1.3,3.3,0.7,0.1,1.2,0,8.793103448275863,0.5024630541871922
44.6,31.6,63.2,1.8,0.6,0.3,0.3,0.6,0,6.938775510204081,0.5178190679256777
51.3,33.3,72.0,4.0,0.6,0.8,0.3,1.2,0,8.75,0.5239520958083833
42.9,33.3,72.7,2.2,0.9,0.5,0.1,0.9,1,8.194444444444445,0.5153738644304682
47.3,0.0,78.6,4.2,0.8,0.3,0.4,0.5,1,10.0,0.6578947368421053
45.2,0.0,83.9,3.0,0.3,0.2,0.2,0.6,1,10.5,0.7
50.7,0.0,65.2,3.6,0.3,0.5,0.3,0.5,0,9.347826086956523,0.6316098707403056
42.3,33.9,61.5,3.9,0.3,0.6,0.5,0.5,0,8.409090909090908,0.5759651307596513
54.5,0.0,70.7,3.2,0.5,0.7,1.6,0.6,0,18.96551724137931,1.3644257008186553
42.1,0.0,55.8,3.3,0.4,0.4,0.5,0.9,0,8.571428571428571,0.6349206349206349
39.0,20.0,82.4,1.4,1.6,0.4,0.2,0.9,0,5.757575757575758,0.4498106060606061
37.2,28.9,71.4,1.3,1.4,0.4,0.1,0.9,0,11.578947368421053,0.9413778348309799
40.0,28.6,71.2,1.4,2.0,0.4,0.0,0.8,1,17.77777777777778,1.4571948998178508
50.8,33.3,75.0,2.6,0.5,0.3,0.4,0.4,1,9.787234042553191,0.8088623175663795
46.7,26.1,81.5,2.4,0.5,0.3,0.2,0.7,1,8.4,0.7368421052631579
32.5,20.0,70.0,0.9,0.9,0.1,0.2,1.0,0,9.743589743589745,0.8778008778008779
39.1,37.3,91.7,0.8,0.5,0.1,0.0,0.5,0,9.09090909090909,0.8658008658008657
43.2,36.2,40.0,2.4,0.8,0.1,0.1,0.6,1,5.909090909090908,0.5968778696051422
42.4,0.0,50.0,2.2,0.2,0.1,0.8,0.3,0,11.818181818181817,1.2183692596063729
38.9,37.5,50.0,1.0,1.0,0.4,0.3,0.6,0,9.285714285714286,0.7611241217798596
33.3,26.3,59.3,0.8,1.3,0.3,0.0,1.1,0,15.172413793103448,1.5804597701149425
38.1,37.8,100.0,0.9,0.9,0.3,0.1,0.6,1,13.10344827586207,1.506143479984146
40.5,18.2,76.8,1.3,0.3,0.3,0.1,0.3,1,16.153846153846153,1.9004524886877827
44.6,0.0,66.7,1.6,0.2,0.1,0.4,0.4,0,11.25,1.355421686746988
50.6,29.2,64.2,12.1,3.8,0.8,0.6,2.7,1,3.6444444444444444,0.09590643274853801
40.9,29.6,76.6,4.6,8.3,1.8,0.5,3.8,1,4.207317073170732,0.11130468447541621
49.7,39.3,76.9,6.4,1.9,1.0,0.2,1.3,1,8.45360824742268,0.2726970402394413
43.0,16.7,68.7,8.6,2.5,1.1,0.8,3.3,1,5.74468085106383,0.20156774916013437
55.1,0.0,62.2,7.5,1.3,1.2,0.6,1.0,1,8.51063829787234,0.3061380682687892
39.7,35.6,69.6,3.0,1.9,0.7,0.7,1.2,1,8.777777777777779,0.3350296861747244
57.6,0.0,55.5,7.1,0.6,0.6,1.0,0.7,1,8.441558441558442,0.34315278217717243
38.4,25.8,86.9,2.5,2.8,0.9,0.1,2.0,0,3.58974358974359,0.14652014652014653
42.5,31.8,80.8,3.9,2.0,0.6,0.2,1.0,1,10.833333333333334,0.4710144927536232
42.4,27.6,74.4,2.8,3.6,1.1,0.3,2.4,1,12.08955223880597,0.5325793937799987
45.1,41.9,80.8,2.5,1.2,0.3,0.1,1.0,1,8.16326530612245,0.386884611664571
45.3,29.7,76.2,3.7,1.1,1.0,0.4,1.1,1,7.82051282051282,0.3778025517155952
51.7,0.0,59.5,5.3,0.5,0.4,0.9,1.0,1,11.470588235294118,0.5822633621976709
43.5,44.4,76.7,1.3,1.9,0.4,0.2,0.7,0,2.7777777777777777,0.25252525252525254
39.4,31.5,77.3,3.3,0.7,0.7,0.3,1.3,1,14.464285714285715,0.8080606544293696
43.7,0.0,65.6,3.1,0.7,0.4,1.5,0.8,1,14.146341463414636,0.7947382844614964
37.4,37.0,76.3,2.6,1.6,0.6,0.1,1.2,0,9.152542372881355,0.5290486920740667
48.5,47.3,71.1,1.9,1.1,0.4,0.3,1.0,1,13.333333333333332,0.7889546351084813
55.8,0.0,71.4,3.8,0.8,0.3,0.7,0.6,1,8.253968253968255,0.4942495960460033
54.9,0.0,67.3,3.9,0.5,0.5,0.7,0.6,1,12.264150943396228,0.7478140819144042
43.3,0.0,56.0,3.0,0.3,0.4,1.2,0.6,1,13.953488372093023,0.9623095429029671
38.3,24.2,73.1,2.9,0.6,0.3,0.3,0.3,0,12.564102564102564,0.9590917987864552
40.6,36.0,70.6,1.3,0.4,0.3,0.1,0.2,1,23.571428571428573,2.1235521235521237
42.4,37.5,58.9,1.5,1.6,0.3,0.2,0.6,0,11.052631578947368,1.0627530364372468
37.4,30.0,57.1,1.1,1.8,0.4,0.1,0.8,1,18.695652173913047,1.815111861544956
35.7,28.3,78.6,1.7,0.7,0.3,0.2,0.5,0,11.052631578947368,1.1052631578947367
66.1,0.0,70.3,2.0,0.5,0.3,0.3,0.4,1,13.61111111111111,1.4479905437352245
53.3,0.0,50.0,1.9,0.2,0.3,0.4,0.4,1,18.0,2.2784810126582276
45.5,41.7,59.1,0.9,1.2,0.1,0.0,1.0,0,13.10344827586207,1.7949929145016534
35.6,10.0,53.3,1.0,1.1,0.2,0.1,0.8,0,9.56521739130435,1.3285024154589373
48.5,0.0,73.9,1.0,0.2,0.1,0.2,0.5,0,20.5,3.942307692307692
45.8,25.5,74.8,5.3,5.8,1.5,0.4,3.0,1,3.5820895522388057,0.09629272989889262
46.2,43.7,88.5,4.5,5.9,1.9,0.2,3.0,1,4.571428571428571,0.12628255722178372
37.1,37.4,81.7,3.4,5.7,1.3,0.2,2.4,1,5.290322580645161,0.1622798337621215
27.7,26.2,87.5,1.6,0.5,0.3,0.1,0.4,0,8.8,0.8301886792452832
41.7,35.8,82.6,2.4,4.4,1.0,0.0,2.9,0,6.0,0.20761245674740486
47.7,40.0,85.1,2.5,5.7,1.0,0.1,2.7,1,6.129032258064516,0.22046878626131353
49.4,0.0,64.6,7.5,0.9,0.6,1.3,1.4,1,9.11111111111111,0.33870301528294094
45.1,37.4,81.4,2.9,1.6,0.8,0.1,1.0,1,5.0344827586206895,0.19665948275862066
48.3,38.2,82.9,2.3,1.5,0.8,0.2,1.1,1,8.72340425531915,0.3531742613489534
44.2,39.0,75.6,2.6,3.8,1.1,0.3,2.1,1,9.125,0.37706611570247933
40.3,37.5,80.8,3.2,1.8,1.1,0.3,1.4,1,7.6767676767676765,0.33523002955317366
40.1,31.0,71.5,4.5,2.9,0.6,0.1,1.6,0,9.285714285714285,0.41087231352718073
39.3,29.2,85.7,2.0,0.7,0.3,0.3,0.7,0,5.882352941176471,0.5882352941176471
49.8,25.0,76.3,2.9,0.7,0.6,0.2,0.8,1,8.953488372093023,0.41451335055986216
51.5,41.0,75.7,1.9,3.1,0.7,0.0,1.3,1,7.831325301204819,0.3857795714879221
44.1,36.9,77.0,3.0,1.2,0.5,0.1,0.7,1,8.314606741573034,0.413662026943932
45.8,38.9,80.9,1.9,2.0,0.8,0.1,1.0,1,6.511627906976744,0.3356509230400384
55.6,0.0,54.7,6.4,0.8,0.6,0.5,1.4,1,10.512820512820513,0.5776275007044238
42.4,39.5,87.1,2.1,1.0,0.3,0.1,1.0,1,11.515151515151516,0.6327006327006327
45.1,19.6,77.7,2.5,0.7,0.4,0.3,1.2,0,10.81081081081081,0.6552006552006552
41.8,31.0,72.2,1.6,3.3,0.5,0.1,1.1,1,17.23404255319149,1.0977097167637893
41.0,34.5,80.0,1.6,1.9,0.6,0.1,1.1,1,7.671232876712329,0.49813200498132004
54.2,34.1,81.1,10.5,2.0,0.7,1.7,2.2,0,4.48087431693989,0.14002732240437157
49.3,0.0,67.6,3.7,0.4,0.3,0.5,0.6,1,9.038461538461538,0.6795835743204164
46.4,30.5,82.1,2.5,0.5,0.4,0.4,0.7,1,13.529411764705884,1.017249004865104
50.2,0.0,75.4,2.8,0.6,0.2,0.6,0.5,0,13.333333333333334,1.0178117048346056
53.4,0.0,59.7,4.1,0.4,0.3,0.1,0.4,0,18.571428571428573,1.4739229024943312
43.6,35.1,70.0,1.1,0.8,0.5,0.2,1.0,1,5.4,0.43548387096774194
38.8,31.8,79.5,1.6,0.7,0.3,0.1,0.4,1,12.76595744680851,1.0638297872340425
49.5,0.0,64.6,2.5,0.2,0.4,0.3,0.2,1,16.153846153846153,1.4423076923076923
39.6,0.0,62.3,2.1,0.5,0.4,0.1,0.3,1,24.482758620689655,2.185960591133005
66.2,0.0,90.0,2.5,0.0,0.2,0.4,0.3,1,14.444444444444443,1.3888888888888886
39.6,21.9,83.7,0.9,1.7,0.5,0.1,0.7,1,22.1875,2.196782178217822
46.3,28.6,66.7,1.4,0.3,0.4,0.2,0.3,0,17.272727272727273,1.8375241779497098
35.4,35.7,71.1,1.0,0.4,0.2,0.2,0.4,0,14.666666666666666,1.5942028985507246
35.6,21.1,74.5,1.3,0.3,0.2,0.2,0.3,1,16.538461538461537,1.9925857275254861
35.6,21.1,74.5,1.3,0.3,0.2,0.2,0.3,1,16.538461538461537,1.9925857275254861
37.1,40.0,72.2,1.2,0.4,0.1,0.3,0.5,1,18.88888888888889,2.5185185185185186
30.0,16.7,58.3,0.7,1.2,0.3,0.2,0.9,0,7.0588235294117645,1.1204481792717087
37.2,32.1,60.0,1.1,0.0,0.1,0.1,0.3,0,7.5,1.2096774193548387
50.8,16.7,68.6,7.0,1.2,0.4,1.1,2.3,0,3.0285714285714285,0.10095238095238095
39.6,31.3,84.6,0.7,0.5,0.3,0.1,0.6,0,10.869565217391305,2.0903010033444818
43.8,38.4,87.9,3.8,3.2,1.1,0.2,2.8,1,4.4324324324324325,0.1166429587482219
47.5,22.2,78.8,3.9,6.3,0.8,0.2,2.5,1,4.821428571428571,0.1303088803088803
45.6,38.9,85.4,2.6,2.8,1.0,0.5,2.1,1,4.84472049689441,0.14124549553628019
39.8,27.1,81.5,4.9,5.3,1.3,0.2,3.3,1,5.359477124183006,0.1649069884364002
42.0,36.7,76.7,2.8,4.9,1.9,0.1,2.0,1,8.2,0.25625
53.1,0.0,79.3,8.1,1.0,0.5,1.8,1.8,1,6.3076923076923075,0.2068095838587642
49.7,0.0,69.2,7.4,1.1,0.6,0.7,1.8,1,7.387387387387387,0.26289634830560094
43.0,43.9,89.3,1.8,3.5,0.6,0.0,1.6,1,6.101694915254237,0.23025263831148063
42.2,27.6,68.4,5.2,1.5,0.9,0.3,1.2,0,12.1875,0.4261363636363636
45.9,10.5,78.9,9.1,1.0,0.4,0.6,1.5,1,7.297297297297297,0.2884307232133319
45.0,40.4,83.0,2.3,1.2,1.0,0.2,0.9,1,9.166666666666666,0.3637566137566137
47.2,40.7,77.2,5.4,1.0,0.5,0.5,1.5,1,5.827338129496403,0.23497331167324206
42.3,37.3,69.7,3.1,0.9,0.5,0.5,1.0,1,9.25925925925926,0.38580246913580246
47.8,46.7,87.0,3.0,1.2,0.5,0.2,0.8,1,6.633663366336634,0.29352492771401034
56.4,0.0,63.7,7.0,0.5,0.4,1.1,1.4,0,6.853932584269662,0.31878756205905406
45.9,34.4,70.7,2.3,1.8,0.8,0.5,1.2,0,10.566037735849058,0.5079825834542816
39.3,36.5,84.5,4.7,0.8,0.7,0.3,0.9,1,8.91891891891892,0.44818688034768445
43.8,0.0,66.7,4.6,0.6,0.7,0.7,0.6,1,13.571428571428573,0.7031828275351591
40.3,32.9,78.1,2.1,1.8,0.6,0.3,1.0,1,13.508771929824562,0.8187134502923977
50.2,25.0,77.3,3.7,0.4,0.3,0.7,0.6,1,10.25974025974026,0.6412337662337663
49.4,0.0,66.0,3.9,0.3,0.4,1.0,0.8,1,11.538461538461538,0.7591093117408907
41.2,32.5,69.1,1.7,2.1,0.7,0.0,1.4,0,8.947368421052632,0.5925409550365982
63.3,0.0,38.5,4.5,0.2,0.2,1.1,0.8,1,12.325581395348838,0.8500400962309543
47.1,0.0,66.7,3.5,0.7,0.3,1.1,0.8,1,9.859154929577466,0.6846635367762129
39.2,34.6,79.1,0.8,1.7,0.3,0.0,0.9,0,12.830188679245284,0.9365101225726485
41.0,35.1,73.7,3.4,3.3,1.2,0.2,2.5,0,6.0606060606060606,0.2149151085321298
46.0,25.0,82.3,1.1,1.2,0.3,0.2,0.7,1,8.979591836734693,0.6751572809574957
36.5,25.9,80.6,1.1,1.5,0.3,0.0,1.1,1,12.325581395348838,0.9939984996249063
41.6,34.8,69.9,1.9,0.7,0.3,0.5,0.9,1,12.553191489361701,1.0374538420960084
40.6,39.4,64.0,0.7,2.0,0.5,0.0,1.1,1,21.42857142857143,2.3041474654377883
50.8,0.0,70.6,2.9,0.4,0.3,0.7,0.5,1,10.212765957446807,0.8654886404615938
38.9,39.5,80.0,2.0,0.5,0.3,0.5,0.4,0,10.256410256410257,0.9240009240009242
29.2,22.0,50.0,2.2,0.9,0.3,0.1,0.4,1,7.037037037037036,0.6455997281685354
42.3,34.3,84.0,2.5,2.6,0.6,0.3,2.1,0,5.507246376811594,0.19881755872966042
51.8,0.0,69.1,2.0,0.1,0.2,0.7,0.5,1,19.35483870967742,1.8975332068311197
43.0,0.0,68.6,1.7,0.2,0.2,0.1,0.3,0,26.842105263157897,3.1954887218045114
36.5,40.0,85.7,0.9,0.8,0.3,0.0,0.6,0,15.416666666666668,1.8800813008130084
43.0,28.8,87.3,4.3,2.4,1.0,0.9,2.9,1,3.9408866995073892,0.11389845952333494
42.7,27.6,74.4,4.7,1.5,0.6,0.6,2.0,1,7.619047619047619,0.27017899358324887
48.5,32.8,74.1,6.2,1.2,1.0,1.4,0.7,1,9.176470588235293,0.3300888700804062
42.9,33.1,74.3,4.5,1.2,0.6,0.5,1.6,0,6.220472440944882,0.2278561333679444
42.8,33.0,73.2,2.6,4.2,0.8,0.0,1.7,1,5.638297872340425,0.2160267384038477
37.5,30.7,78.4,4.2,1.6,0.8,0.2,1.6,0,9.012345679012347,0.39014483458927907
38.1,33.2,82.5,3.0,1.3,0.4,0.1,1.1,1,6.704545454545454,0.2747764530551416
37.4,19.4,80.0,3.7,1.4,1.0,0.3,1.1,1,13.620689655172415,0.5973986690865094
53.9,31.6,73.8,4.2,0.8,1.0,0.1,0.9,1,9.02439024390244,0.429732868757259
48.2,0.0,69.1,5.6,1.1,0.9,0.9,1.2,1,11.212121212121213,0.5416483677353243
43.8,30.0,63.0,3.6,0.9,0.4,0.5,0.8,1,4.794520547945206,0.24461839530332682
40.1,18.8,81.4,2.3,2.8,0.9,0.1,1.4,1,7.5,0.39473684210526316
46.8,22.0,73.7,3.9,1.1,0.8,0.1,0.7,1,12.586206896551724,0.662431941923775
53.8,0.0,60.9,4.4,0.4,0.4,1.4,1.0,0,13.035714285714286,0.7448979591836735
49.8,21.4,72.7,5.5,0.7,0.4,1.4,1.1,0,5.825242718446601,0.25549310168625444
61.6,0.0,66.1,4.9,0.5,0.4,0.2,0.6,1,5.185185185185185,0.30681569143107607
40.1,20.6,79.2,1.0,2.0,0.5,0.0,1.0,0,13.333333333333332,0.8658008658008657
43.9,40.0,81.5,1.5,0.8,0.5,0.1,1.3,1,10.0,0.6493506493506493
45.5,28.6,65.9,3.0,0.3,0.3,0.7,0.6,1,16.88888888888889,1.1567732115677323
48.4,0.0,66.0,3.0,0.4,0.5,0.3,0.9,1,15.333333333333334,1.1274509803921569
42.1,27.0,69.2,2.2,1.0,0.4,0.0,1.1,0,8.928571428571429,0.6565126050420168
45.9,19.0,65.5,3.2,0.6,0.2,0.6,0.8,1,15.106382978723405,1.1531590060094201
41.1,20.8,78.2,1.8,0.7,0.4,0.1,0.5,1,20.27027027027027,1.571338780641106
41.3,33.0,85.7,1.1,1.7,0.3,0.1,0.9,1,9.807692307692307,0.824175824175824
42.6,34.6,79.3,1.0,1.1,0.5,0.0,0.6,1,8.648648648648647,0.7520564042303172
53.3,41.7,63.5,2.1,0.7,0.5,0.2,0.6,0,14.615384615384615,1.304945054945055
47.1,0.0,59.3,2.6,0.3,0.2,0.2,0.5,0,27.36842105263158,2.5577963600590263
56.1,0.0,68.2,3.4,0.4,0.3,0.4,0.5,0,6.341463414634147,0.615676059673218
50.5,0.0,56.6,2.8,0.7,0.3,0.3,0.9,1,14.186046511627907,1.4186046511627908
37.9,16.7,43.8,2.0,0.6,0.3,0.4,0.6,1,53.84615384615385,5.439005439005439
55.4,0.0,67.5,2.6,0.2,0.2,0.6,0.3,1,9.5,0.9595959595959596
40.8,0.0,64.3,1.6,0.3,0.2,0.4,0.5,0,11.875,1.3970588235294117
42.9,0.0,65.4,0.8,0.2,0.2,0.1,0.1,0,71.11111111111111,16.93121693121693
26.1,23.1,0.0,0.4,0.1,0.0,0.2,0.3,0,12.727272727272727,4.105571847507331
56.3,0.0,64.8,5.3,0.6,0.7,1.0,0.7,0,9.428571428571429,0.4405874499332444
45.6,37.7,83.8,4.4,4.0,1.2,0.2,2.0,1,3.392857142857143,0.09584342211460856
37.6,33.7,71.0,2.9,2.1,0.4,0.1,1.7,0,6.610169491525423,0.22181776817199406
42.2,36.4,72.7,4.5,1.3,0.9,0.9,1.8,1,7.222222222222221,0.2674897119341563
41.8,20.7,64.7,3.7,3.8,1.6,0.1,1.8,1,12.1875,0.5186170212765957
43.4,36.8,85.4,2.7,2.8,0.7,0.3,1.9,1,8.118811881188119,0.3545332699208786
50.3,0.0,72.2,5.0,0.4,0.3,1.2,0.7,1,7.0,0.3167420814479638
45.7,28.3,79.6,2.0,0.9,1.1,0.0,1.0,0,6.233766233766234,0.3101376235704594
45.2,46.1,66.7,2.1,1.4,0.7,0.5,0.7,0,7.878787878787879,0.36989614454403186
53.1,0.0,62.4,5.1,0.6,0.6,0.2,0.9,1,11.08108108108108,0.592571180806475
45.5,50.0,76.4,5.4,0.5,0.6,0.5,1.2,1,14.727272727272727,0.7875546912980068
52.5,33.3,67.3,5.2,0.8,0.8,0.9,1.1,1,12.058823529411764,0.6699346405228758
46.4,34.7,60.9,1.9,0.4,0.6,0.3,0.6,1,10.151515151515152,0.583420411006618
39.5,28.2,84.7,2.1,3.3,0.4,0.0,1.8,0,11.617647058823529,0.6998582565556342
39.5,28.2,84.7,2.1,3.3,0.4,0.0,1.8,0,11.617647058823529,0.6998582565556342
42.4,41.9,71.8,1.5,1.2,0.4,0.1,0.7,1,13.043478260869566,0.790513833992095
50.5,18.5,56.7,4.3,0.6,0.8,0.7,0.7,1,13.877551020408163,0.8895866038723181
45.7,28.6,71.2,5.3,1.5,1.3,0.6,0.9,0,5.0,0.2358490566037736
42.2,32.8,71.1,1.7,1.9,0.6,0.1,1.0,1,16.363636363636363,1.0836845273931366
38.6,41.4,76.4,1.5,0.9,0.4,0.1,0.9,0,7.580645161290322,0.5020294808801538
38.2,27.7,58.5,2.0,1.6,0.6,0.1,1.1,0,11.555555555555555,0.7755406413124534
41.0,38.8,90.0,1.2,0.9,0.3,0.0,0.5,1,7.0,0.47297297297297297
47.5,0.0,60.6,3.7,0.6,0.6,1.1,1.3,1,13.846153846153845,1.0332950631458093
53.8,0.0,66.1,3.1,0.3,0.4,0.6,0.8,0,13.409090909090908,1.047585227272727
41.7,0.0,48.5,2.5,0.3,0.2,0.5,0.5,0,14.827586206896552,1.1957730812013347
41.0,33.7,73.0,4.1,1.2,0.5,0.5,0.7,0,10.8,0.5118483412322274
46.9,36.5,55.0,1.8,0.5,0.1,0.2,0.5,1,11.794871794871796,0.9747827929646112
52.8,0.0,67.5,1.3,0.4,0.7,0.1,0.4,1,12.173913043478262,1.006108515989939
36.7,32.1,86.0,1.8,1.0,0.4,0.1,0.6,0,25.185185185185183,2.1711366538952745
50.8,0.0,78.7,2.3,0.2,0.2,0.7,0.4,1,17.575757575757578,1.5283267457180503
44.6,0.0,73.6,3.4,0.2,0.2,0.3,0.8,1,15.0,1.3157894736842104
54.4,0.0,59.7,2.7,0.2,0.2,0.5,0.6,1,18.064516129032256,1.598629745932058
57.9,0.0,54.4,2.9,0.2,0.2,0.3,0.5,0,14.523809523809524,1.3203463203463204
43.3,34.6,84.4,0.7,1.3,0.4,0.0,0.4,0,10.0,0.9523809523809523
36.6,35.1,67.6,0.7,1.5,0.4,0.0,0.5,1,12.352941176470589,1.2734990903577927
31.0,28.6,85.0,2.4,0.7,0.5,0.2,0.5,0,7.25,0.3502415458937198
38.1,24.0,73.3,0.9,0.4,0.4,0.1,0.4,0,15.000000000000002,1.7647058823529413
55.6,0.0,66.7,1.3,0.2,0.3,0.1,0.4,0,21.03448275862069,2.596849723286505
46.2,11.1,56.1,1.3,0.4,0.3,0.0,0.4,1,17.6,2.3157894736842106
46.2,11.1,56.1,1.3,0.4,0.3,0.0,0.4,0,17.6,2.3157894736842106
56.8,0.0,60.0,1.9,0.1,0.2,0.1,0.8,0,15.833333333333334,2.2300469483568075
36.0,33.3,100.0,0.7,0.2,0.1,0.0,0.1,1,23.333333333333332,4.242424242424242
43.0,28.2,84.7,5.1,7.8,2.2,0.1,2.4,1,4.84472049689441,0.13457556935817805
39.1,35.8,72.5,3.3,5.6,1.3,0.1,2.3,1,6.722689075630252,0.22334515201429408
46.3,32.7,70.6,6.4,1.1,0.7,0.8,1.2,1,6.230769230769231,0.2141157811260904
40.3,36.1,69.9,3.3,2.7,1.1,0.1,1.5,1,9.09090909090909,0.31456432840515886
42.1,41.6,70.4,2.4,4.5,0.8,0.2,1.8,1,7.4074074074074066,0.2572016460905349
52.7,10.0,68.1,5.0,0.7,0.9,0.4,0.7,0,11.454545454545455,0.5698778833107191
44.3,24.5,74.7,4.8,0.8,0.6,0.3,1.1,1,9.294117647058824,0.3762800666825435
47.7,33.3,82.5,5.8,0.8,0.5,0.7,1.5,1,5.284552845528455,0.21836995229456427
46.2,32.3,77.7,4.9,1.2,0.7,0.8,1.0,1,10.4,0.46017699115044247
48.7,33.3,75.2,4.9,1.0,0.6,0.1,0.9,1,8.026315789473685,0.3551467163483931
40.7,39.7,75.2,2.3,2.0,0.8,0.0,1.6,1,7.741935483870967,0.36177268616219477
41.5,38.0,90.0,1.9,1.2,0.4,0.1,1.3,0,6.288659793814434,0.30978619673962726
44.2,26.3,80.0,2.0,2.8,0.5,0.0,1.3,1,11.791044776119403,0.5837150879267031
47.0,34.8,63.4,3.1,4.5,1.2,0.1,1.7,0,13.278688524590164,0.6706408345752608
47.8,33.3,81.2,3.1,0.8,0.5,0.2,1.1,1,11.940298507462686,0.6030453791647821
41.5,34.1,71.2,2.1,1.6,0.7,0.2,1.2,1,7.205882352941177,0.3981150471238219
39.9,35.7,85.9,2.1,0.6,0.3,0.2,0.7,1,9.242424242424242,0.5281385281385281
45.0,37.2,73.6,1.8,0.8,0.6,0.3,1.1,0,10.0,0.5813953488372093
59.6,0.0,57.7,4.5,0.6,0.5,0.3,0.8,1,13.137254901960786,0.7773523610627684
59.6,0.0,57.7,4.5,0.6,0.5,0.3,0.8,0,13.137254901960786,0.7773523610627684
41.4,41.4,80.5,1.9,0.9,0.3,0.1,0.9,1,6.206896551724138,0.3953437294091808
39.5,22.5,66.2,1.8,1.6,1.0,0.1,1.4,0,25.0,1.6233766233766234
52.4,0.0,81.0,3.3,0.4,0.2,0.4,1.1,1,9.857142857142858,0.6615532118887824
38.0,28.2,78.3,1.3,1.3,0.6,0.1,0.9,0,17.36842105263158,1.1815252416756177
33.7,26.9,73.9,1.7,1.8,0.4,0.3,0.8,0,3.829787234042553,0.2879539273716205
51.0,50.0,78.0,3.3,0.5,0.3,0.4,0.5,1,17.352941176470587,1.3556985294117645
45.7,0.0,80.0,2.2,0.2,0.2,0.1,0.6,1,12.333333333333334,1.0632183908045978
44.3,0.0,66.1,2.1,0.4,0.2,0.3,0.8,1,16.585365853658537,1.5646571560055225
48.3,0.0,88.2,2.0,0.2,0.3,0.0,0.6,0,12.647058823529411,1.3174019607843137
35.8,6.7,50.0,0.8,0.3,0.1,0.1,0.5,1,21.666666666666668,2.280701754385965
39.0,23.5,69.8,1.0,0.9,0.6,0.1,0.7,0,18.88888888888889,2.075702075702076
36.8,25.0,75.0,1.7,0.7,0.3,0.1,0.4,1,6.764705882352941,0.7687165775401069
46.2,44.1,85.7,2.5,3.6,1.0,0.1,1.5,0,3.8554216867469875,0.1683590256221392
25.0,18.5,94.1,0.7,1.2,0.7,0.1,0.6,0,21.666666666666668,2.4904214559386975
45.4,0.0,60.6,2.3,0.3,0.3,0.2,0.4,1,24.782608695652176,2.915601023017903
40.2,0.0,29.6,1.7,0.2,0.1,0.5,0.4,1,28.75,3.9383561643835616
45.5,0.0,47.8,1.5,0.2,0.2,0.1,0.1,0,22.0,4.0
44.7,0.0,60.9,10.9,0.9,0.8,1.7,1.7,1,4.8344370860927155,0.13579879455316615
49.3,33.1,74.3,5.7,3.0,1.7,0.6,1.7,1,9.11111111111111,0.2777777777777778
52.0,0.0,67.1,10.0,0.9,0.9,1.7,2.0,1,6.833333333333333,0.20961145194274028
47.0,23.2,82.3,6.0,1.9,0.9,0.4,1.3,1,7.920792079207921,0.2666933360002667
45.5,17.4,68.8,6.2,1.7,0.8,1.9,1.8,1,7.628865979381444,0.27541032416539507
35.2,35.5,73.1,2.6,4.9,1.0,0.0,1.4,1,13.898305084745761,0.5244643428205947
39.4,28.8,68.9,2.0,1.9,0.7,0.1,1.4,1,7.3786407766990285,0.3011690112938379
43.2,25.0,67.3,2.7,1.4,0.7,0.3,0.7,1,15.294117647058824,0.7180336923501796
45.5,31.2,68.2,2.4,3.0,1.0,0.0,1.5,1,9.080459770114944,0.4451205769664188
42.7,30.8,72.7,5.4,0.8,0.4,0.3,0.9,0,8.857142857142858,0.49759229534510435
39.3,24.6,78.9,1.5,3.3,0.5,0.1,1.8,1,10.0,0.5102040816326531
29.1,25.9,62.5,2.7,0.9,0.6,0.1,0.7,0,5.75,0.2994791666666667
53.3,42.4,78.9,3.5,0.6,0.5,0.2,0.5,1,11.38888888888889,0.6025867136978249
57.6,0.0,57.1,3.1,0.3,0.4,1.3,1.2,0,7.049180327868853,0.3982587755858109
44.2,23.1,69.5,3.0,1.1,0.9,0.2,0.9,1,13.559322033898304,0.7837758401097286
53.7,0.0,70.3,4.6,0.4,0.4,0.6,0.8,1,14.642857142857144,0.8613445378151261
47.5,38.7,73.7,2.9,0.8,1.0,0.3,1.0,1,12.03125,0.7336128048780488
42.9,33.6,75.7,1.3,2.2,1.0,0.3,1.1,1,13.333333333333332,0.8658008658008657
41.2,0.0,64.0,3.8,0.9,0.5,0.4,1.4,0,10.0,0.6535947712418301
52.8,0.0,63.0,4.4,0.3,0.3,0.8,0.9,1,10.597014925373134,0.7160145219846712
36.2,30.4,77.8,1.4,0.7,0.6,0.0,0.4,0,6.756756756756756,0.475827940616673
37.2,35.3,66.7,1.8,0.5,0.4,0.3,0.8,0,13.6,1.0225563909774436
42.9,33.3,70.1,1.4,1.7,0.6,0.1,0.9,1,17.714285714285715,1.3626373626373627
40.4,33.3,43.6,2.9,0.6,0.4,0.3,0.8,1,16.34146341463415,1.2570356472795499
42.6,35.8,70.4,1.7,1.4,0.5,0.2,0.6,1,8.666666666666666,0.6666666666666666
36.3,26.9,73.7,1.1,1.8,0.5,0.0,0.7,0,12.258064516129032,0.9652019304038608
33.6,24.5,62.5,0.9,1.4,0.4,0.0,0.7,0,11.612903225806452,0.967741935483871
39.4,22.0,78.0,1.9,2.3,0.7,0.1,1.1,0,13.571428571428573,0.8175559380378657
38.9,27.3,68.8,1.4,1.0,0.6,0.1,0.7,0,11.515151515151516,1.0101010101010102
60.0,0.0,33.3,3.4,0.4,0.4,0.4,0.6,0,4.583333333333334,0.4323899371069183
38.5,20.0,65.5,1.3,0.5,0.4,0.1,0.5,1,15.517241379310345,1.5363605326049847
41.7,29.0,75.4,5.5,5.9,1.6,0.7,3.5,1,3.779904306220096,0.09569377990430623
42.6,32.2,77.7,6.1,2.8,1.2,0.5,3.0,1,3.9047619047619047,0.10697977821265492
38.6,39.0,80.4,3.4,6.8,1.3,0.3,2.7,1,6.333333333333333,0.17790262172284643
46.5,30.2,74.7,4.0,4.5,1.4,0.6,3.2,1,3.7654320987654324,0.10789203721390925
45.9,35.7,70.1,7.4,1.0,0.8,1.4,1.4,1,6.521739130434782,0.1946787800129786
40.0,30.5,78.6,3.8,1.5,1.0,0.2,1.6,1,7.291666666666667,0.24971461187214614
38.4,23.8,81.6,3.2,6.5,1.1,0.1,2.5,1,7.746478873239437,0.28904771915072525
40.3,35.8,63.1,4.3,1.3,0.6,0.1,1.0,1,10.73529411764706,0.43817527010804325
45.9,0.0,76.5,6.3,0.7,0.4,0.3,1.0,1,10.273972602739727,0.42987333065856603
43.0,30.3,70.3,5.5,1.4,1.0,0.8,1.0,1,7.790697674418605,0.32872142086154454
46.0,0.0,69.7,5.6,1.0,0.3,0.9,1.9,1,13.442622950819674,0.5974499089253188
35.9,30.2,71.8,1.3,2.9,0.8,0.1,0.9,0,8.809523809523808,0.5683563748079876
45.7,15.4,70.5,4.0,1.3,0.7,0.1,1.2,1,8.444444444444445,0.4421175101803374
39.4,44.4,62.9,3.6,1.2,0.7,0.4,1.1,1,7.580645161290322,0.398981324278438
38.6,37.1,82.1,1.6,2.8,0.8,0.1,1.7,1,12.711864406779661,0.6834335702569709
49.4,30.6,76.9,2.6,2.1,0.9,0.2,0.8,1,6.588235294117647,0.35420619860847563
35.5,21.2,59.5,4.5,0.7,0.9,0.8,0.9,1,9.761904761904761,0.5453578079276403
40.0,31.4,75.6,1.6,2.2,1.1,0.2,1.5,1,13.728813559322033,0.8028545941123996
41.4,33.8,82.3,1.6,2.4,0.8,0.1,1.2,1,12.545454545454545,0.7792207792207791
40.1,31.1,72.8,1.2,1.0,0.5,0.1,1.1,1,7.6811594202898545,0.5297351324337831
40.4,38.2,47.8,2.8,0.4,1.2,0.5,0.6,0,5.106382978723404,0.3381710581936029
38.0,25.6,78.6,1.3,1.3,0.5,0.0,0.9,1,11.4,0.8444444444444444
47.4,0.0,71.3,4.2,0.8,0.4,0.4,0.7,1,18.68421052631579,1.426275612695862
47.5,0.0,75.0,2.9,0.6,0.5,0.5,0.5,1,7.954545454545454,0.6313131313131313
35.4,30.0,81.5,1.7,0.5,0.2,0.2,0.4,0,13.666666666666666,1.1021505376344085
35.2,39.1,79.2,1.5,0.5,0.3,0.1,0.6,1,16.444444444444443,1.3818860877684405
42.4,40.4,81.1,2.3,1.0,0.6,0.2,0.7,0,8.75,0.5912162162162162
45.7,0.0,44.2,3.3,0.5,0.4,0.0,0.6,0,10.285714285714286,0.9102402022756005
40.3,47.7,83.3,1.3,0.3,0.3,0.1,0.5,1,11.714285714285714,1.1263736263736264
42.5,33.3,70.5,1.8,1.6,0.4,0.1,0.6,1,30.0,2.9702970297029703
29.1,30.0,64.0,1.0,1.1,0.3,0.1,0.5,0,21.11111111111111,2.199074074074074
45.3,37.0,88.5,1.0,0.4,0.3,0.1,0.1,0,15.882352941176471,1.825557809330629
43.8,33.3,66.7,0.4,0.1,0.1,0.0,0.4,1,13.333333333333334,3.0303030303030303
41.6,31.8,82.4,5.1,2.7,1.8,0.4,2.5,1,5.064935064935065,0.13838620395997445
50.4,38.3,75.0,1.7,1.1,0.4,0.1,1.0,0,9.166666666666666,0.6193693693693693
47.2,20.0,66.1,8.8,1.0,0.8,1.1,2.3,1,6.074074074074074,0.1940598745710567
36.9,31.6,80.0,1.7,2.8,0.8,0.1,1.8,0,3.507462686567164,0.11889704022261573
45.7,29.2,71.2,6.5,1.2,0.8,0.5,2.1,1,5.6,0.208955223880597
39.9,32.2,64.0,2.6,4.7,1.1,0.2,2.3,0,7.894736842105263,0.3024803387779794
53.6,0.0,77.1,7.5,1.3,0.7,0.6,1.3,1,8.1,0.3201581027667984
52.9,14.3,52.1,5.7,0.8,0.5,1.1,1.7,1,5.50561797752809,0.26469317199654274
36.2,25.0,65.2,3.0,3.4,1.0,0.2,1.9,0,16.07843137254902,0.6589521054323368
36.9,35.3,76.6,2.3,2.6,0.6,0.1,0.9,0,7.710843373493975,0.3281209946167649
40.5,32.3,76.0,2.8,1.0,0.6,0.3,0.7,0,6.346153846153846,0.2783400809716599
30.5,29.3,80.0,1.3,0.6,0.4,0.2,0.4,0,22.58064516129032,1.5790660951951272
39.3,26.9,79.0,2.7,2.2,1.0,0.6,1.4,0,8.550724637681158,0.36541558280688713
36.2,29.2,73.1,2.6,1.3,0.3,0.6,1.1,1,9.6,0.45714285714285713
47.1,0.0,51.9,6.6,0.5,0.6,0.2,0.8,1,20.9375,1.0263480392156863
40.2,32.2,83.1,1.8,2.5,0.7,0.2,2.0,1,10.64516129032258,0.6374348078037473
42.2,22.2,78.4,3.4,0.7,0.6,0.2,0.9,0,11.71875,0.7059487951807228
40.3,34.7,78.0,2.6,1.3,0.7,0.2,1.1,1,14.385964912280702,0.9047776674390379
40.3,34.7,78.0,2.6,1.3,0.7,0.2,1.1,1,14.385964912280702,0.9047776674390379
46.6,0.0,72.6,3.2,0.6,0.3,0.3,0.7,0,4.7368421052631575,0.33594624860022393
37.3,31.5,68.6,1.2,1.0,0.5,0.1,0.8,0,14.11764705882353,0.8879023307436182
38.4,29.8,80.4,1.7,1.0,0.6,0.1,1.0,1,6.5625,0.42613636363636365
49.5,0.0,70.3,3.3,0.3,0.2,0.6,1.0,1,11.555555555555555,0.7503607503607503
33.8,28.6,78.7,1.5,2.0,0.6,0.1,0.6,1,14.375,0.9583333333333334
43.4,0.0,69.5,2.4,0.9,0.2,0.1,0.7,0,7.291666666666667,0.5245803357314148
38.7,33.3,67.4,1.2,0.4,0.4,0.3,0.9,0,13.076923076923077,0.9982384028185555
46.6,0.0,68.0,3.0,0.3,0.2,0.4,0.8,0,11.458333333333334,0.9240591397849462
38.5,41.7,50.0,1.3,0.8,0.5,0.1,0.5,0,25.217391304347828,2.137067059690494
51.4,18.2,68.9,2.6,0.6,0.4,0.8,0.6,0,9.107142857142858,0.6599378881987578
39.3,27.9,69.6,1.2,0.9,0.1,0.1,0.8,1,25.333333333333332,2.2028985507246377
43.1,25.0,68.4,1.4,0.2,0.2,0.5,0.5,0,9.51219512195122,0.8417871789337363
52.1,0.0,50.0,2.3,0.5,0.1,0.3,0.6,1,12.432432432432432,1.1954261954261953
41.2,36.1,80.8,0.9,1.7,0.3,0.0,1.1,1,13.513513513513512,1.3119916032537389
44.9,42.6,64.7,1.1,0.6,0.2,0.3,0.5,1,12.727272727272728,1.2237762237762237
29.2,0.0,59.0,2.1,0.2,0.2,0.4,0.5,0,25.263157894736842,2.7164685908319184
41.4,32.3,74.3,0.9,0.7,0.3,0.1,0.5,1,30.476190476190474,3.8577456298975283
37.9,28.0,70.0,0.9,0.4,0.4,0.1,0.6,0,13.846153846153845,1.8218623481781375
50.0,33.3,35.0,1.0,0.2,0.3,0.0,0.4,0,22.083333333333336,3.5052910052910056
41.0,32.4,79.2,1.5,1.9,0.6,0.1,0.8,0,11.4,0.9344262295081968
29.7,35.7,75.0,0.4,0.6,0.1,0.1,0.1,0,11.875,2.0474137931034484
42.9,37.3,70.0,5.4,2.8,1.6,1.0,2.0,1,5.416666666666667,0.13643996641477749
42.6,33.3,67.1,4.3,3.0,1.3,0.4,2.0,1,5.555555555555555,0.16886187098953057
38.0,24.0,70.4,3.7,8.1,1.7,0.5,3.4,1,8.51063829787234,0.2790373212417161
41.9,32.3,67.5,2.6,4.3,1.2,0.1,2.0,1,8.369565217391305,0.28467908902691513
42.5,36.4,76.3,3.3,2.2,0.7,0.6,1.3,1,8.965517241379311,0.3123873603268053
40.6,26.5,80.0,2.4,0.5,0.3,0.5,0.4,0,14.473684210526317,1.2265834076717217
36.6,33.0,74.4,5.7,0.7,0.2,1.8,0.6,1,8.295454545454545,0.31905594405594406
43.0,29.2,77.4,3.3,2.3,0.8,0.3,0.9,1,10.266666666666667,0.4123159303882196
45.3,34.5,77.5,2.8,3.7,1.5,0.2,2.1,1,4.311926605504587,0.17528156932945474
45.7,23.2,71.3,3.7,1.8,0.8,0.6,1.4,1,8.404255319148936,0.3458541283600385
40.0,12.1,83.8,2.4,3.0,1.4,0.1,1.4,1,9.305555555555555,0.4081384015594542
46.1,0.0,74.0,4.2,0.8,0.4,0.3,0.8,1,10.9375,0.5309466019417476
49.3,0.0,60.6,5.2,0.5,0.3,1.5,0.8,1,12.15686274509804,0.595924644367551
49.7,0.0,60.4,4.8,0.8,0.4,1.3,1.4,1,11.639344262295083,0.5938440950150552
42.1,50.0,70.1,3.9,1.1,0.4,0.6,0.9,1,17.11111111111111,0.9350333940497875
42.1,33.3,77.6,3.9,0.9,0.4,0.3,1.0,1,13.898305084745761,0.7852149765393086
38.4,19.2,64.3,3.1,0.9,0.3,0.4,0.7,0,17.894736842105264,1.0978366160800774
50.1,0.0,65.6,3.8,0.3,0.2,0.7,1.0,1,10.746268656716417,0.6716417910447761
36.7,25.9,78.3,1.4,3.0,0.9,0.0,1.5,0,6.7924528301886795,0.4354136429608128
45.3,36.4,63.9,1.3,2.0,0.9,0.1,0.8,1,17.77777777777778,1.1773362766740252
38.7,0.0,70.7,3.5,0.8,0.3,0.5,0.8,1,12.666666666666666,0.8857808857808857
34.1,28.4,67.1,1.1,1.5,0.6,0.1,1.0,0,11.923076923076923,0.8456082924168031
35.0,24.5,72.7,1.4,1.1,0.3,0.1,0.7,0,14.583333333333334,1.2905604719764012
53.6,0.0,55.4,3.9,0.1,0.4,0.7,0.6,1,10.930232558139535,0.8343688975679034
42.6,33.3,75.0,1.1,1.8,0.5,0.1,1.0,0,12.903225806451612,1.2775471095496647
45.6,0.0,58.5,1.8,0.1,0.1,0.8,0.3,1,14.722222222222221,1.5177548682703321
34.4,0.0,73.3,2.0,0.4,0.3,0.6,0.6,1,33.333333333333336,3.8759689922480622
51.7,0.0,73.7,2.0,0.1,0.1,0.1,0.6,0,17.096774193548388,2.011385199240987
42.9,0.0,50.0,1.6,0.5,0.3,0.1,0.4,1,16.875,2.109375
38.2,38.5,92.3,0.5,1.2,0.2,0.0,0.5,0,5.526315789473684,0.7467994310099573
44.9,0.0,66.7,1.7,0.3,0.2,0.1,0.4,1,14.642857142857144,2.5246305418719213
31.8,29.4,50.0,0.5,0.2,0.2,0.0,0.2,0,19.444444444444443,3.4722222222222223
57.1,0.0,54.5,3.1,0.3,0.1,0.8,0.4,0,8.297872340425531,0.7612726917821588
44.5,9.1,63.0,7.4,1.9,1.1,1.7,2.0,1,5.666666666666667,0.16966067864271459
46.7,21.7,80.2,7.5,1.2,0.7,0.6,1.9,1,3.6363636363636367,0.12368583797155228
43.6,40.7,71.1,4.0,1.7,0.6,0.2,1.2,1,6.890756302521008,0.23679574922752603
50.5,5.3,52.1,5.9,1.2,0.6,1.5,1.8,1,8.617021276595745,0.32764339454736674
43.1,38.2,71.7,3.2,1.3,0.8,0.3,1.0,1,8.602150537634408,0.38062612998382334
38.9,0.0,66.7,3.7,1.2,0.9,0.1,1.2,0,5.930232558139535,0.2635658914728682
43.0,25.6,72.7,4.3,1.1,0.4,0.3,1.7,1,7.578947368421052,0.3460706560922855
42.5,33.5,71.9,2.7,1.8,1.1,0.2,1.7,1,9.390243902439025,0.43473351400180665
41.7,37.0,82.0,2.2,1.0,0.7,0.1,1.1,0,6.842105263157895,0.32122559920929084
44.2,0.0,79.4,4.7,0.3,0.3,0.9,1.4,1,7.7631578947368425,0.39207868155236575
42.7,31.6,63.3,2.1,0.2,0.3,0.1,0.5,0,17.027027027027025,1.5913109371053296
43.1,26.9,73.6,3.2,0.8,0.5,0.3,0.7,1,13.220338983050846,0.6779661016949152
37.0,33.3,77.8,1.6,2.9,1.0,0.0,1.1,0,7.936507936507937,0.4244121891180715
44.2,33.1,62.7,3.4,0.8,0.6,0.1,0.8,1,9.382716049382717,0.5241740809711015
50.5,0.0,69.7,3.6,0.5,0.6,1.2,1.0,1,16.410256410256412,0.9540846750149077
35.2,35.0,79.4,1.5,2.3,0.7,0.2,1.4,1,13.260869565217392,0.7709807886754299
37.4,32.3,73.6,2.3,0.8,0.6,0.4,1.2,1,15.294117647058824,0.9103641456582633
45.1,0.0,60.3,3.6,0.4,0.8,1.0,0.8,1,16.3265306122449,0.9955201592832256
40.9,35.0,69.8,1.2,2.3,0.5,0.1,1.2,1,12.88135593220339,0.7902672351045024
40.0,29.4,70.8,1.7,2.7,0.6,0.0,1.8,1,14.444444444444443,0.8861622358554873
41.4,39.6,90.3,1.2,1.3,0.4,0.0,0.6,0,10.6,0.6583850931677018
48.5,0.0,74.4,2.2,0.6,0.2,0.1,0.6,1,10.76923076923077,0.9615384615384617
42.1,34.5,68.6,0.8,1.0,0.3,0.0,0.7,1,10.0,0.9090909090909091
50.5,16.7,72.4,1.4,0.7,0.5,0.1,0.8,0,11.458333333333334,1.0609567901234567
47.8,0.0,68.9,1.9,0.2,0.3,0.4,0.9,0,17.419354838709676,1.6129032258064513
41.3,28.3,76.7,2.2,3.0,0.7,0.5,2.2,0,3.7313432835820897,0.16510368511425175
39.7,38.0,72.5,1.2,0.7,0.2,0.0,0.5,0,9.5,0.9405940594059407
48.7,100.0,70.3,2.2,0.3,0.1,0.1,0.4,1,35.0,3.804347826086957
34.1,8.3,68.4,0.7,0.5,0.3,0.1,0.7,1,18.18181818181818,2.4906600249066
48.2,0.0,68.5,10.0,1.9,0.8,1.6,2.8,1,4.029850746268656,0.108914885034288
43.8,36.0,71.9,7.8,4.2,1.2,1.3,3.4,1,4.578313253012047,0.1257778366212101
44.5,34.5,78.6,5.3,6.6,1.5,0.4,4.0,1,4.277777777777778,0.11849799938442597
40.7,31.4,67.4,4.3,2.8,1.6,0.5,2.3,1,6.0,0.19292604501607716
51.1,35.9,82.6,3.7,2.8,0.8,0.3,1.1,0,6.293103448275862,0.21188900499245328
42.4,28.1,75.3,5.2,2.5,1.6,0.2,1.3,1,10.746268656716417,0.40098017375807526
44.9,20.4,77.4,3.4,5.8,1.0,0.2,2.0,1,7.387387387387387,0.2897014661720544
42.9,37.3,80.0,3.9,1.8,1.2,0.4,1.2,1,9.878048780487806,0.3904367106912176
39.9,26.2,66.0,6.1,1.6,0.8,0.3,1.6,1,8.674698795180722,0.3469879518072289
47.1,18.2,84.7,6.5,1.4,0.8,1.0,1.0,1,5.0,0.20242914979757085
40.5,32.5,75.1,2.5,3.3,1.2,0.2,1.8,0,7.978723404255319,0.33383779934122676
39.5,13.0,75.0,2.5,4.8,1.2,0.1,2.2,1,12.53968253968254,0.5336035123269166
41.5,29.3,80.7,2.0,4.3,1.1,0.1,1.9,1,10.0,0.4291845493562232
42.4,35.0,72.9,1.5,3.7,0.6,0.0,1.7,1,8.631578947368421,0.4359383306751728
42.0,36.4,77.4,1.8,1.5,0.4,0.1,1.2,1,7.888888888888889,0.40875071963154863
47.6,38.5,68.3,3.6,1.1,0.8,0.4,0.8,1,8.421052631578947,0.43859649122807015
39.9,35.2,80.8,4.2,3.3,1.2,0.3,1.4,0,3.813559322033898,0.11770244821092278
42.0,22.5,63.4,2.0,3.8,1.2,0.2,1.7,1,13.898305084745761,0.7472207034809548
47.8,18.2,75.1,3.9,0.8,0.3,0.3,1.8,1,9.166666666666666,0.5149812734082396
54.9,0.0,73.4,2.7,0.5,0.7,0.4,0.6,1,9.571428571428571,0.5765920826161789
42.0,0.0,48.9,3.5,0.6,0.4,0.4,0.8,1,32.27272727272727,2.355673523556735
36.3,35.8,67.5,1.2,2.5,0.3,0.0,0.9,0,14.516129032258064,1.09143827310211
37.2,36.5,73.1,1.5,0.5,0.3,0.2,0.6,0,19.473684210526315,1.6093953892996955
39.3,11.1,71.7,2.2,0.4,0.8,0.3,0.3,1,20.8,1.8407079646017699
42.6,0.0,63.2,1.8,0.3,0.3,0.2,0.5,0,17.037037037037035,1.8518518518518516
31.4,29.5,70.4,1.9,0.5,0.3,0.2,0.5,1,18.076923076923077,1.9648829431438128
46.2,0.0,60.9,8.1,1.7,1.8,1.9,1.9,0,7.575757575757575,0.24596615505706412
39.8,0.0,46.3,2.0,0.2,0.1,0.9,0.3,0,18.18181818181818,2.0429009193054135
30.9,28.6,66.7,0.7,1.5,0.2,0.0,0.7,0,22.69230769230769,2.7673545966228894
43.9,0.0,59.5,1.0,0.9,0.4,0.0,0.8,1,26.5,3.5810810810810807
38.9,34.0,65.9,1.5,0.2,0.2,0.1,0.4,1,15.3125,2.1875
40.6,0.0,66.7,1.5,0.0,0.2,0.1,0.5,0,14.666666666666666,2.444444444444444
37.4,31.0,75.2,3.1,6.0,1.9,0.0,2.9,1,3.90625,0.10820637119113573
45.0,28.8,76.1,5.7,3.0,1.1,1.5,2.2,1,2.73224043715847,0.07762046696472925
43.0,20.3,75.1,2.7,6.5,1.6,0.1,2.9,1,3.787878787878788,0.10761019283746556
43.9,41.2,71.3,6.4,2.4,1.7,1.0,2.4,1,2.909090909090909,0.08556149732620322
42.5,26.2,55.1,4.3,6.5,1.7,0.2,2.5,0,9.213483146067416,0.30307510348905975
46.5,43.3,63.9,1.7,1.9,0.5,0.2,1.3,1,4.587155963302752,0.14702422959303693
50.0,0.0,71.7,10.3,0.9,0.9,0.6,1.2,1,4.444444444444445,0.14619883040935674
35.7,35.7,50.7,5.2,0.6,0.4,0.3,0.8,1,11.08108108108108,0.7290184921763869
42.5,35.8,81.8,2.3,2.5,0.9,0.5,1.6,1,4.949494949494949,0.16664966159915653
44.9,36.5,78.2,3.5,1.6,1.5,0.4,1.1,0,4.9504950495049505,0.19187965308158722
45.2,30.0,58.8,6.4,0.7,0.8,0.3,1.4,1,4.895833333333334,0.21759259259259262
46.3,40.0,71.3,4.3,0.9,0.6,0.1,1.5,1,6.097560975609756,0.2734332276058187
49.0,25.0,69.7,5.5,1.7,1.2,0.2,1.9,0,2.0325203252032518,0.0688989940746865
41.1,15.4,70.9,3.8,1.5,0.9,0.3,1.4,1,5.4945054945054945,0.2775002775002775
53.7,0.0,53.8,3.7,0.8,0.9,0.9,0.9,1,9.245283018867925,0.5778301886792453
46.8,0.0,67.5,3.0,0.4,0.4,0.3,0.5,1,7.903225806451613,0.49705822682085615
32.9,16.7,75.0,1.2,1.6,0.5,0.2,1.1,0,10.24390243902439,0.687510230807006
45.0,0.0,56.8,3.4,0.4,0.4,1.1,0.8,1,8.484848484848484,0.5811540058115401
36.1,40.3,82.4,1.8,1.8,0.5,0.0,0.7,1,4.615384615384615,0.322754168908015
50.0,38.9,71.4,1.9,0.5,0.2,0.1,0.5,1,6.964285714285714,0.5046583850931677
36.7,33.5,64.6,3.3,3.1,1.5,0.3,1.3,0,8.58974358974359,0.3181386514719848
36.4,32.7,100.0,0.9,1.5,0.3,0.1,0.9,1,9.714285714285714,0.7472527472527472
73.7,0.0,50.0,3.0,0.2,0.4,0.8,0.4,1,5.098039215686275,0.4014204106839587
56.5,50.0,79.4,3.1,0.6,0.2,0.5,0.8,1,6.031746031746032,0.49038585623951475
40.5,16.7,76.3,1.8,1.3,0.7,0.1,1.2,1,10.222222222222221,0.8448117539026629
36.5,40.0,55.6,1.6,0.7,0.3,0.1,0.6,0,9.375,0.8522727272727273
37.6,21.4,67.5,1.3,0.3,0.3,0.3,0.7,0,8.157894736842106,0.7920286152273889
38.0,10.0,82.2,1.5,0.4,0.1,0.0,0.7,0,7.083333333333334,0.6944444444444445
38.0,16.7,66.7,0.8,1.5,0.3,0.0,0.9,1,7.333333333333333,0.7333333333333333
39.5,20.0,69.2,2.0,0.5,0.3,0.1,0.4,0,9.310344827586206,1.0119940029985008
29.4,26.1,75.0,0.9,0.8,0.2,0.0,0.5,0,11.428571428571429,1.3445378151260505
44.8,31.4,82.9,3.2,3.5,0.9,0.2,1.6,0,4.957983193277311,0.19831932773109245
44.3,0.0,77.8,1.9,0.4,0.5,0.2,0.6,0,10.606060606060607,1.3093901982790874
37.1,30.0,78.6,0.7,0.9,0.1,0.0,0.7,0,13.75,1.909722222222222
41.2,16.7,71.0,1.3,0.1,0.2,0.1,0.5,1,8.888888888888888,1.4814814814814812
35.7,0.0,57.1,1.4,0.1,0.2,0.1,0.5,1,16.25,3.457446808510638
42.6,30.8,84.6,6.6,1.7,1.0,0.4,2.6,1,3.1472081218274113,0.08392554991539763
45.0,10.7,83.9,3.5,2.2,1.6,0.2,1.6,1,5.228758169934641,0.15701976486290214
44.1,0.0,80.1,3.2,8.2,2.5,0.2,2.4,1,8.88888888888889,0.2867383512544803
48.0,0.0,71.6,4.0,2.0,1.2,0.6,2.0,1,8.118811881188119,0.2635977883502636
48.0,0.0,71.6,4.0,2.0,1.2,0.6,2.0,0,8.118811881188119,0.2635977883502636
39.2,25.9,81.4,4.4,4.7,1.5,0.2,2.7,1,5.862068965517242,0.19540229885057472
42.2,34.1,84.2,2.8,3.6,0.7,0.1,2.5,0,7.623762376237624,0.30865434721609813
37.1,32.8,72.7,2.2,4.3,0.8,0.1,1.6,1,10.266666666666667,0.34920634920634924
40.8,20.2,87.3,2.8,3.4,1.3,0.2,1.9,1,5.641025641025641,0.20218729896149254
37.4,32.9,85.0,2.4,3.9,1.3,0.1,2.2,1,7.142857142857143,0.257864878803507
41.6,21.2,65.9,1.9,4.5,0.7,0.1,2.2,1,9.487179487179487,0.3593628593628594
40.4,32.1,78.3,1.9,1.2,0.8,0.4,1.1,0,8.571428571428571,0.3678724708767627
44.6,21.4,70.2,5.4,0.9,0.8,1.1,1.5,1,7.738095238095238,0.3335385878489327
44.7,36.3,74.0,3.7,1.2,0.7,0.2,1.5,1,7.0,0.30303030303030304
45.2,33.3,77.6,5.6,1.0,0.6,0.4,2.0,1,7.843137254901961,0.34704147145583897
47.6,0.0,70.9,4.2,0.7,0.5,0.6,1.5,1,6.173913043478261,0.2898550724637681
49.0,14.3,67.9,4.5,1.2,0.4,0.3,1.2,1,5.473684210526316,0.2606516290726817
44.3,32.1,72.2,1.5,1.9,0.7,0.1,1.1,1,9.0,0.45454545454545453
36.7,25.0,61.7,1.2,1.9,1.1,0.2,1.7,0,10.0,0.5434782608695653
45.0,34.1,71.2,4.2,1.5,0.8,0.9,1.0,1,9.142857142857142,0.4968944099378882
34.8,36.1,67.7,1.5,2.6,0.7,0.1,1.4,1,8.837209302325581,0.5388542257515598
40.7,37.7,62.1,2.4,0.9,0.5,0.2,1.3,0,5.9375,0.427158273381295
42.8,0.0,68.8,3.4,0.3,0.4,1.3,0.6,1,19.473684210526315,1.4318885448916407
43.9,39.8,57.1,3.6,1.3,0.6,0.5,1.1,0,5.3125,0.2517772511848341
41.4,11.1,65.2,5.1,0.9,0.6,0.3,1.4,0,4.776119402985074,0.20675841571363957
44.9,0.0,59.7,2.9,0.3,0.2,1.4,0.7,0,14.5,1.1328125
37.8,0.0,70.0,1.1,1.9,0.4,0.0,1.3,1,10.0,0.8130081300813008
41.4,16.7,72.1,1.7,0.9,0.4,0.1,0.8,0,11.818181818181818,1.17011701170117
48.7,0.0,75.9,2.0,0.3,0.4,0.2,0.8,1,19.28571428571429,1.9480519480519483
47.1,0.0,52.2,2.4,0.5,0.5,0.1,0.8,0,11.142857142857142,1.1854103343465046
36.1,37.5,70.6,0.8,1.9,0.2,0.0,1.2,1,14.516129032258064,1.5608740894901143
32.9,28.6,42.9,0.6,1.2,0.6,0.1,0.7,0,27.142857142857146,3.5250463821892395
41.8,33.3,83.8,1.0,0.2,0.3,0.2,0.5,1,10.526315789473685,1.6447368421052633
39.7,32.1,65.0,0.7,0.5,0.3,0.1,0.3,1,19.473684210526315,3.674280039721946
41.6,34.1,70.2,4.1,7.5,2.1,0.3,4.4,1,3.234042553191489,0.08064944022921419
42.6,37.7,77.1,3.9,3.0,1.9,0.4,1.6,1,5.0,0.13623978201634876
42.5,32.7,63.1,9.0,3.2,1.3,0.7,2.8,1,4.685714285714286,0.12943962115232832
45.3,25.9,74.6,6.9,2.2,1.0,1.0,2.8,1,4.278074866310161,0.12223071046600459
40.8,35.4,72.7,2.7,7.8,1.0,0.3,3.1,1,4.240506329113924,0.12220479334622257
43.0,39.3,82.3,4.0,2.6,0.9,0.1,1.8,1,6.119402985074626,0.19803893155581315
48.2,14.3,69.3,6.3,1.5,1.1,2.1,2.1,1,4.256756756756756,0.14142049025769954
44.1,40.4,76.3,2.0,3.7,1.0,0.0,1.5,1,8.72340425531915,0.29977334210718726
48.1,25.0,58.7,6.1,0.6,0.6,0.8,1.0,1,10.547945205479452,0.4202368607760738
39.6,28.7,75.2,3.2,1.2,0.7,1.1,1.7,0,7.848101265822785,0.36000464522122866
57.3,0.0,69.6,7.3,0.6,0.6,1.4,0.5,1,8.5,0.3469387755102041
37.9,38.2,61.5,1.7,1.6,0.7,0.2,0.8,0,8.913043478260871,0.5369303300157151
46.2,51.1,68.7,2.8,0.8,0.4,0.1,1.1,1,11.016949152542372,0.6717651922281934
50.9,0.0,62.0,4.5,0.5,0.4,0.8,0.7,1,14.791666666666668,0.9074642126789366
41.7,37.5,81.9,1.9,1.3,0.7,0.3,1.6,1,9.342105263157896,0.6027164685908319
43.7,40.9,64.6,1.5,2.4,0.6,0.2,1.6,1,16.410256410256412,1.0725657784481315
54.9,0.0,60.5,3.5,0.3,0.2,0.4,1.0,1,11.875,0.7864238410596026
39.0,100.0,63.7,4.1,0.6,0.3,1.0,1.2,1,14.11764705882353,0.9669621273166802
41.4,36.5,76.3,2.3,1.7,0.6,0.2,0.9,0,5.74712643678161,0.26981814257190656
46.5,46.4,82.4,1.6,1.6,0.6,0.1,1.1,1,11.296296296296296,0.7955138236828377
44.4,0.0,64.9,3.4,0.4,0.3,0.5,0.9,1,8.6,0.6142857142857142
42.9,0.0,69.1,3.3,0.3,0.1,0.3,0.7,1,18.29268292682927,1.4403687343960054
51.7,50.0,71.8,2.3,0.5,0.3,0.4,1.1,1,14.166666666666668,1.2212643678160922
39.7,30.1,65.8,1.2,1.5,0.5,0.1,0.9,1,20.512820512820515,1.7837235228539579
41.7,20.0,56.5,2.9,0.3,0.3,0.3,0.4,0,18.387096774193548,1.7679900744416872
45.1,0.0,60.3,2.8,0.2,0.0,0.6,0.6,1,10.975609756097562,1.0760401721664277
47.7,0.0,61.3,3.0,0.6,0.5,0.3,0.8,1,18.0,1.8556701030927836
44.6,0.0,73.8,2.4,0.2,0.2,0.5,0.6,0,31.818181818181817,3.3492822966507174
35.2,31.4,59.1,3.0,1.2,0.6,1.1,1.3,0,10.317460317460318,0.4866726564839773
53.2,0.0,48.6,1.6,0.4,0.3,0.2,0.6,1,15.65217391304348,1.7786561264822136
52.6,0.0,55.2,1.7,0.2,0.1,0.1,0.4,0,15.909090909090908,2.0661157024793386
38.2,28.6,57.1,0.7,0.4,0.2,0.3,0.5,1,19.444444444444443,3.535353535353535
55.1,0.0,56.5,1.2,0.3,0.0,0.3,1.1,0,10.9375,2.144607843137255
42.6,39.5,79.7,4.0,9.3,1.4,0.3,3.8,1,3.6842105263157894,0.09007849697593617
47.6,32.8,74.9,4.6,3.5,1.0,0.4,1.6,1,5.466666666666667,0.13945578231292516
41.4,31.8,74.7,3.7,3.9,1.1,1.1,3.5,1,3.75,0.1
45.8,35.7,77.3,8.7,1.0,1.0,1.6,1.7,1,5.359477124183006,0.1557987536099711
45.7,0.0,73.2,7.4,1.4,0.6,0.7,2.0,1,5.789473684210526,0.18148820326678763
41.2,36.8,78.2,2.5,6.1,1.1,0.0,2.4,0,7.4074074074074066,0.2389486260454002
48.5,0.0,68.3,7.5,1.0,0.7,1.5,2.0,1,5.671641791044776,0.18905472636815918
49.1,28.6,70.5,6.3,1.8,1.1,1.6,1.4,1,7.692307692307692,0.2680246582685607
48.7,32.9,65.0,4.7,1.3,0.7,0.8,1.6,1,6.435643564356436,0.23402340234023403
47.4,41.6,81.0,2.1,2.9,1.2,0.3,1.5,1,7.821782178217822,0.3259075907590759
44.1,30.0,67.1,3.4,1.1,0.9,0.2,1.4,1,5.981308411214954,0.2600568874441284
50.1,0.0,66.3,5.9,0.6,0.6,0.5,1.3,1,8.222222222222221,0.36706349206349204
48.0,0.0,65.1,5.6,0.6,0.4,0.2,1.1,0,8.571428571428571,0.42016806722689076
44.2,0.0,59.5,4.5,0.6,0.6,0.5,1.1,1,12.34375,0.6895949720670391
51.3,0.0,55.3,3.4,0.7,0.4,0.2,1.3,1,9.2,0.519774011299435
43.9,27.3,68.6,4.4,0.8,0.3,0.4,0.9,0,14.4,0.8181818181818181
55.7,0.0,70.8,4.0,0.2,0.2,1.6,0.8,1,16.666666666666668,0.9578544061302684
40.2,39.8,76.7,1.0,2.7,0.4,0.0,1.5,1,7.636363636363637,0.515970515970516
41.1,34.6,70.2,1.7,2.9,0.7,0.3,1.5,1,14.90566037735849,1.0209356422848281
56.7,0.0,66.2,2.9,0.2,0.7,0.6,0.6,1,18.157894736842106,1.2609649122807018
43.1,14.7,70.1,1.8,1.4,0.3,0.2,1.0,0,13.777777777777779,0.9841269841269842
38.7,34.4,83.3,1.2,1.1,0.5,0.1,0.7,0,12.653061224489795,0.9303721488595438
38.2,36.4,78.6,2.2,2.5,0.8,0.1,1.6,0,10.0,0.5050505050505051
40.9,26.9,66.1,3.4,0.5,0.4,0.5,0.5,1,16.410256410256412,1.206636500754148
45.3,32.7,65.3,1.4,1.1,0.7,0.2,1.0,0,6.666666666666667,0.5128205128205129
47.3,0.0,66.7,3.1,0.1,0.1,1.1,0.4,1,15.833333333333332,1.364942528735632
46.6,0.0,56.0,2.2,0.4,0.2,0.2,1.4,1,9.464285714285715,0.8229813664596274
33.0,31.0,67.4,1.2,1.5,0.4,0.1,1.2,0,12.413793103448276,1.098565761367104
41.5,26.2,81.7,1.7,0.7,0.2,0.1,0.7,1,15.0,1.530612244897959
42.3,32.0,83.3,0.7,1.6,0.3,0.1,1.1,1,15.945945945945946,1.6439119531903037
43.8,0.0,58.8,1.9,0.4,0.2,0.1,0.8,1,17.8125,1.85546875
34.0,31.1,67.4,3.2,1.2,1.2,0.3,1.4,0,8.867924528301888,0.45014845321329383
42.0,20.0,59.2,1.0,1.7,0.7,0.0,0.9,1,15.925925925925926,1.7695473251028806
34.3,30.3,72.2,0.6,1.2,0.5,0.1,0.8,0,15.769230769230768,1.7919580419580416
37.6,0.0,65.6,1.8,0.2,0.3,0.2,0.7,0,19.677419354838708,2.429311031461569
35.6,22.2,75.0,1.6,0.3,0.2,0.2,0.3,0,27.22222222222222,3.58187134502924
45.0,0.0,56.1,1.5,0.2,0.3,0.1,0.5,0,21.2,3.0285714285714285
39.0,0.0,62.5,0.8,0.1,0.1,0.1,0.1,0,29.999999999999996,6.521739130434782
47.7,14.8,73.2,6.4,5.0,1.8,0.9,2.9,1,3.5175879396984926,0.09184302714617475
45.1,32.1,79.6,6.4,2.5,1.4,0.3,3.9,0,3.6529680365296806,0.09872886585215353
45.1,32.1,79.6,6.4,2.5,1.4,0.3,3.9,1,3.6529680365296806,0.09872886585215353
48.9,0.0,66.4,8.4,2.5,0.8,0.2,2.5,1,3.823529411764706,0.10591494215414698
57.5,0.0,55.1,5.8,0.7,0.3,0.4,0.8,0,10.5,0.5526315789473685
38.5,27.2,69.8,5.4,7.7,1.9,0.3,3.2,1,6.752136752136752,0.19976735953067315
40.2,29.8,75.4,4.4,1.6,0.9,0.7,2.0,1,5.74468085106383,0.18179369781847562
46.0,37.0,72.2,3.9,2.0,2.0,0.6,1.2,1,4.571428571428571,0.14746543778801843
53.4,0.0,63.5,7.3,0.5,0.4,0.8,1.4,1,7.8,0.26262626262626265
39.4,28.4,66.2,5.6,1.5,0.6,1.2,1.6,1,5.714285714285714,0.19704433497536947
51.1,25.0,63.6,7.5,1.2,0.6,1.4,2.0,1,6.0606060606060606,0.2119093028183937
46.5,0.0,64.5,6.0,0.6,0.5,1.3,1.9,0,6.9298245614035086,0.2675607938765834
48.4,43.6,79.2,2.6,1.3,0.6,0.3,1.0,1,7.5,0.3246753246753247
48.5,28.6,44.7,7.4,0.7,0.5,0.6,1.4,0,9.705882352941178,0.42946382092660074
45.4,31.6,73.9,2.7,4.8,0.8,0.3,2.0,1,9.878048780487806,0.4449571522742255
41.9,37.5,68.1,2.5,1.3,1.0,0.3,0.9,0,5.423728813559322,0.28849621348719795
44.3,39.2,71.4,2.8,4.3,1.1,0.1,2.0,1,7.282608695652175,0.3340646190666135
38.0,32.8,75.3,1.3,4.1,0.8,0.1,1.4,1,9.13793103448276,0.4734679292478114
44.4,39.3,68.5,2.9,2.0,0.8,0.4,0.9,1,6.923076923076923,0.3762541806020067
47.5,21.4,64.8,1.9,2.7,0.8,0.0,1.5,0,5.0,0.27472527472527475
46.5,0.0,49.2,3.4,0.5,0.6,0.6,0.8,0,13.617021276595745,0.8457777190432139
45.7,0.0,61.4,2.7,1.1,0.7,0.2,0.9,0,15.897435897435898,1.006166828951639
51.5,16.7,83.3,2.2,1.0,0.5,0.3,0.7,1,10.5,0.7
44.1,37.4,78.3,1.6,1.0,0.5,0.2,0.8,1,11.571428571428571,0.7766059443911792
38.1,31.4,70.0,1.1,3.2,0.7,0.0,1.8,0,15.714285714285714,1.0689990281827018
59.1,100.0,48.9,3.3,0.5,0.2,0.6,0.5,0,11.794871794871796,0.921474358974359
45.1,0.0,44.7,2.4,1.2,0.5,0.1,1.0,1,12.424242424242426,1.0101010101010102
53.0,40.0,61.8,3.3,0.8,0.4,0.1,0.8,1,11.219512195121952,0.9756097560975611
32.8,24.3,77.5,1.0,1.9,0.4,0.1,1.0,1,20.416666666666668,1.8067846607669615
43.3,0.0,75.0,2.3,0.5,0.4,0.4,0.5,1,19.62962962962963,1.7526455026455028
50.0,26.3,67.9,1.2,1.0,0.6,0.2,0.8,0,18.181818181818183,1.6233766233766236
38.4,30.1,64.9,1.1,1.0,0.2,0.1,0.9,0,12.608695652173914,1.1894995898277279
42.4,0.0,69.4,2.6,0.6,0.2,0.1,0.8,1,16.857142857142858,1.7027417027417027
47.9,0.0,68.3,1.9,0.2,0.2,1.1,0.3,1,32.35294117647059,3.3353547604608855
38.8,36.0,68.2,1.4,0.4,0.3,0.4,0.7,0,10.0,1.0416666666666667
56.2,33.3,41.0,1.2,0.7,0.4,0.1,0.7,0,13.93939393939394,1.5151515151515154
37.2,24.0,65.3,0.8,0.4,0.3,0.1,0.4,0,14.0,1.7283950617283952
42.6,38.4,71.1,0.5,1.0,0.3,0.0,1.0,0,10.208333333333334,1.5705128205128207
39.5,31.0,66.7,0.6,1.1,0.3,0.1,0.7,0,12.258064516129032,1.8858560794044665
46.6,26.7,74.2,5.4,6.6,2.3,0.6,3.6,1,5.125,0.1392663043478261
40.6,28.4,69.9,4.5,3.4,1.1,0.2,3.1,1,4.114583333333334,0.11211398728428702
39.4,33.8,78.1,2.9,5.8,1.1,0.1,1.8,1,5.955882352941177,0.17885532591414946
55.2,0.0,53.2,9.1,3.6,1.2,2.2,2.7,1,4.3428571428571425,0.13529149977748106
44.7,27.1,72.1,3.6,0.7,0.5,0.5,0.8,0,9.038461538461538,0.5316742081447964
50.1,20.0,56.9,7.6,2.0,0.7,1.4,2.0,1,6.074074074074074,0.19468186134852802
46.8,36.0,81.1,4.0,2.6,0.7,0.3,2.8,1,4.759036144578313,0.15552405701236316
37.5,33.3,73.2,2.3,4.8,1.5,0.1,2.2,1,7.9611650485436884,0.3004213225865543
41.9,31.1,77.8,5.1,1.6,0.7,0.6,1.1,1,8.404255319148936,0.32829122340425526
50.8,0.0,59.6,5.8,1.4,1.4,0.4,1.2,1,7.395833333333334,0.2982190860215054
41.5,16.7,75.7,6.2,1.2,0.9,1.2,0.9,1,13.859649122807017,0.5611193976844946
47.0,4.3,77.0,2.9,1.9,1.0,0.1,1.7,1,5.416666666666667,0.2192982456140351
58.7,0.0,59.2,5.7,1.0,1.0,1.0,0.8,1,5.36231884057971,0.22818378045020044
47.9,0.0,72.9,7.5,1.2,0.8,0.4,1.2,1,13.965517241379311,0.6376948512045348
50.8,0.0,64.2,6.2,0.7,0.6,1.0,1.3,1,10.519480519480519,0.49156451025609904
40.5,29.9,82.4,1.5,1.3,0.4,0.2,1.3,1,9.294117647058824,0.48406862745098045
54.5,0.0,71.1,3.1,0.6,1.5,0.0,0.9,0,5.6321839080459775,0.29958425042797754
43.9,38.0,67.2,2.9,1.3,0.8,0.6,1.7,1,9.753086419753087,0.547926203356915
49.5,0.0,57.8,3.0,1.0,0.7,0.3,1.2,1,10.869565217391305,0.6175889328063241
41.8,29.5,84.1,2.0,2.9,0.9,0.1,1.4,1,9.850746268656716,0.5794556628621598
48.4,9.1,61.4,2.7,0.8,1.0,0.3,0.8,1,13.4,0.8023952095808384
47.6,0.0,60.0,3.5,0.7,0.6,0.1,0.8,0,5.476190476190476,0.34226190476190477
36.2,26.6,82.5,2.3,0.8,0.7,0.3,0.6,0,10.217391304347826,0.6155055002619172
40.6,0.0,67.5,3.3,0.2,0.3,0.7,1.0,0,13.454545454545455,0.8680351906158358
42.1,21.2,73.1,2.0,1.4,0.6,0.1,1.0,1,14.259259259259258,0.9443218052489575
41.9,33.3,65.7,2.6,1.2,0.7,0.3,0.9,1,10.625,0.7083333333333334
59.2,0.0,54.7,3.4,0.3,0.3,0.3,0.7,0,18.88888888888889,1.452991452991453
40.0,8.0,83.6,1.2,0.9,0.9,0.1,0.9,1,14.583333333333334,1.1482939632545932
53.9,0.0,54.5,3.1,0.4,0.3,0.5,0.6,0,17.1875,1.4204545454545454
37.7,40.4,75.3,1.1,1.2,0.4,0.1,0.9,1,12.075471698113208,1.0147455208498495
36.5,31.5,67.2,1.3,1.2,0.5,0.3,0.9,1,12.083333333333334,1.0416666666666667
43.7,0.0,61.3,2.9,0.8,0.3,0.5,0.8,1,22.333333333333332,2.1682847896440127
35.5,26.2,75.0,2.5,0.9,0.6,0.3,1.0,0,7.222222222222221,0.4350736278447121
36.8,23.4,83.0,0.7,2.1,0.6,0.1,0.9,1,19.35483870967742,2.150537634408602
30.5,33.3,80.0,0.7,1.3,0.3,0.0,0.9,1,22.22222222222222,2.6143790849673203
52.2,50.0,82.4,0.8,1.5,0.3,0.1,0.6,1,14.117647058823529,1.7647058823529411
31.8,20.8,44.4,0.9,0.4,0.4,0.3,0.5,0,20.0,2.6666666666666665
40.4,27.9,75.9,1.7,0.5,0.3,0.1,0.6,0,17.666666666666668,2.4537037037037037
41.5,0.0,63.0,2.6,0.2,0.2,0.5,0.5,1,17.307692307692307,2.791563275434243
31.7,33.3,73.5,0.8,0.3,0.2,0.1,0.3,0,35.78947368421053,6.507177033492823
48.6,0.0,54.1,1.3,0.2,0.1,0.2,0.3,1,24.736842105263158,5.263157894736842
56.2,0.0,59.2,13.9,1.9,0.7,3.5,3.8,1,3.4615384615384617,0.09133346864217577
46.4,36.9,74.6,3.5,3.8,1.6,0.7,2.6,1,5.0,0.14044943820224717
47.4,10.0,83.5,8.7,2.8,1.3,1.0,3.4,1,4.450549450549451,0.1275229068925344
42.6,28.1,64.4,9.6,3.8,1.6,0.4,2.8,1,5.510204081632653,0.15971606033717836
51.1,0.0,78.1,10.3,1.0,0.3,3.5,3.0,1,3.7142857142857144,0.10956595027391489
50.4,15.4,74.8,9.1,1.8,0.9,1.4,1.9,1,5.578231292517007,0.16651436694080618
46.9,25.0,71.3,7.2,1.8,1.0,0.8,2.1,1,5.256410256410256,0.16223488445710668
47.4,25.5,71.5,5.0,2.4,1.0,1.1,2.0,1,7.821782178217822,0.26514515858365495
49.3,0.0,60.2,7.4,1.3,0.5,1.1,2.2,1,5.333333333333333,0.1839080459770115
43.5,31.9,74.2,4.5,3.0,1.1,0.5,3.0,1,3.4705882352941178,0.12220381110190556
43.3,0.0,65.1,6.2,1.1,0.7,0.9,1.7,1,8.36734693877551,0.2999049081998391
52.4,33.3,70.7,4.6,1.3,1.8,0.8,1.9,0,3.0379746835443036,0.11047180667433831
43.2,29.3,71.7,4.1,1.6,1.1,0.7,1.7,1,5.144927536231884,0.18915174765558396
44.6,0.0,83.2,3.2,1.3,0.6,0.1,1.1,1,4.382022471910112,0.19738839963559063
47.1,23.1,72.8,2.4,3.5,0.7,0.1,1.6,1,5.555555555555555,0.25252525252525254
46.8,39.0,78.6,2.3,2.2,0.8,0.2,1.6,1,7.403846153846153,0.3443649373881932
40.2,16.7,77.2,2.6,1.6,1.0,0.2,1.5,0,9.25,0.43427230046948356
44.8,0.0,75.9,4.1,1.2,0.8,0.3,1.3,0,2.127659574468085,0.1008369466572552
44.3,33.3,72.7,2.8,1.9,0.5,0.4,1.3,1,8.461538461538462,0.41478129713423834
47.5,0.0,71.0,4.9,2.1,0.7,1.8,1.9,1,10.0,0.5235602094240838
47.5,33.3,76.2,2.0,1.0,0.5,0.1,1.3,0,7.0873786407766985,0.374993578877074
52.8,23.8,73.7,2.1,0.6,0.5,0.2,0.7,0,6.557377049180328,0.4258037044922291
50.0,0.0,70.0,5.3,1.0,0.7,0.2,1.2,1,12.424242424242426,0.6573673240339908
45.6,39.1,57.4,1.4,3.3,0.7,0.1,1.0,1,15.769230769230768,0.8617065994115174
43.8,31.6,79.6,1.1,1.7,0.4,0.1,0.9,1,9.25925925925926,0.5680527152919791
44.6,28.6,66.5,4.0,0.9,0.6,0.5,1.1,0,14.90566037735849,0.9258174147427632
43.3,14.3,79.2,1.2,2.5,0.6,0.2,0.8,0,18.6046511627907,1.177509567265234
43.3,14.3,79.2,1.2,2.5,0.6,0.2,0.8,0,18.6046511627907,1.177509567265234
35.8,16.7,79.4,1.5,2.3,0.8,0.0,1.3,1,17.435897435897438,1.383801383801384
55.0,0.0,64.3,3.8,0.3,0.3,0.4,0.9,0,7.962962962962963,0.6580961126415672
43.9,10.0,62.5,0.7,2.2,0.4,0.1,0.8,1,11.555555555555555,0.9629629629629629
36.9,33.3,67.3,0.9,1.4,0.7,0.1,0.9,1,10.681818181818182,0.912975912975913
